tensor(0),tensor(4)
tensor(0),tensor(14)
tensor(0),tensor(15)
tensor(0),tensor(21)
tensor(0),tensor(24)
tensor(0),tensor(30)
tensor(0),tensor(44)
tensor(0),tensor(46)
tensor(0),tensor(67)
tensor(0),tensor(68)
tensor(0),tensor(94)
tensor(0),tensor(139)
tensor(0),tensor(150)
tensor(0),tensor(153)
tensor(0),tensor(167)
tensor(0),tensor(186)
tensor(0),tensor(192)
tensor(0),tensor(214)
tensor(0),tensor(217)
tensor(0),tensor(231)
tensor(0),tensor(249)
tensor(0),tensor(250)
tensor(0),tensor(256)
tensor(0),tensor(272)
tensor(0),tensor(282)
tensor(0),tensor(283)
tensor(0),tensor(288)
tensor(0),tensor(301)
tensor(0),tensor(307)
tensor(1),tensor(28)
tensor(1),tensor(36)
tensor(1),tensor(71)
tensor(1),tensor(76)
tensor(1),tensor(77)
tensor(1),tensor(94)
tensor(1),tensor(96)
tensor(1),tensor(99)
tensor(1),tensor(104)
tensor(1),tensor(107)
tensor(1),tensor(124)
tensor(1),tensor(126)
tensor(1),tensor(139)
tensor(1),tensor(141)
tensor(1),tensor(143)
tensor(1),tensor(147)
tensor(1),tensor(149)
tensor(1),tensor(161)
tensor(1),tensor(168)
tensor(1),tensor(180)
tensor(1),tensor(187)
tensor(1),tensor(198)
tensor(1),tensor(199)
tensor(1),tensor(208)
tensor(1),tensor(224)
tensor(1),tensor(225)
tensor(1),tensor(235)
tensor(1),tensor(242)
tensor(1),tensor(256)
tensor(1),tensor(262)
tensor(1),tensor(272)
tensor(1),tensor(311)
tensor(2),tensor(2)
tensor(2),tensor(9)
tensor(2),tensor(16)
tensor(2),tensor(18)
tensor(2),tensor(24)
tensor(2),tensor(41)
tensor(2),tensor(49)
tensor(2),tensor(65)
tensor(2),tensor(69)
tensor(2),tensor(75)
tensor(2),tensor(108)
tensor(2),tensor(114)
tensor(2),tensor(149)
tensor(2),tensor(153)
tensor(2),tensor(166)
tensor(2),tensor(190)
tensor(2),tensor(213)
tensor(2),tensor(231)
tensor(2),tensor(232)
tensor(2),tensor(235)
tensor(2),tensor(250)
tensor(2),tensor(260)
tensor(2),tensor(261)
tensor(2),tensor(301)
tensor(3),tensor(8)
tensor(3),tensor(17)
tensor(3),tensor(42)
tensor(3),tensor(51)
tensor(3),tensor(62)
tensor(3),tensor(65)
tensor(3),tensor(68)
tensor(3),tensor(90)
tensor(3),tensor(111)
tensor(3),tensor(113)
tensor(3),tensor(156)
tensor(3),tensor(160)
tensor(3),tensor(168)
tensor(3),tensor(177)
tensor(3),tensor(180)
tensor(3),tensor(184)
tensor(3),tensor(192)
tensor(3),tensor(203)
tensor(3),tensor(204)
tensor(3),tensor(212)
tensor(3),tensor(215)
tensor(3),tensor(220)
tensor(3),tensor(225)
tensor(3),tensor(243)
tensor(3),tensor(246)
tensor(3),tensor(252)
tensor(3),tensor(277)
tensor(3),tensor(278)
tensor(3),tensor(280)
tensor(3),tensor(287)
tensor(3),tensor(306)
tensor(4),tensor(4)
tensor(4),tensor(5)
tensor(4),tensor(9)
tensor(4),tensor(28)
tensor(4),tensor(47)
tensor(4),tensor(78)
tensor(4),tensor(91)
tensor(4),tensor(105)
tensor(4),tensor(106)
tensor(4),tensor(114)
tensor(4),tensor(117)
tensor(4),tensor(120)
tensor(4),tensor(124)
tensor(4),tensor(126)
tensor(4),tensor(134)
tensor(4),tensor(138)
tensor(4),tensor(144)
tensor(4),tensor(148)
tensor(4),tensor(153)
tensor(4),tensor(165)
tensor(4),tensor(182)
tensor(4),tensor(194)
tensor(4),tensor(209)
tensor(4),tensor(220)
tensor(4),tensor(223)
tensor(4),tensor(227)
tensor(4),tensor(230)
tensor(4),tensor(250)
tensor(4),tensor(256)
tensor(4),tensor(275)
tensor(4),tensor(306)
tensor(5),tensor(1)
tensor(5),tensor(9)
tensor(5),tensor(13)
tensor(5),tensor(32)
tensor(5),tensor(37)
tensor(5),tensor(46)
tensor(5),tensor(50)
tensor(5),tensor(75)
tensor(5),tensor(111)
tensor(5),tensor(121)
tensor(5),tensor(129)
tensor(5),tensor(146)
tensor(5),tensor(157)
tensor(5),tensor(163)
tensor(5),tensor(164)
tensor(5),tensor(178)
tensor(5),tensor(181)
tensor(5),tensor(185)
tensor(5),tensor(220)
tensor(5),tensor(231)
tensor(5),tensor(233)
tensor(5),tensor(244)
tensor(5),tensor(292)
tensor(5),tensor(295)
tensor(5),tensor(302)
tensor(5),tensor(310)
tensor(5),tensor(311)
tensor(6),tensor(5)
tensor(6),tensor(6)
tensor(6),tensor(24)
tensor(6),tensor(41)
tensor(6),tensor(72)
tensor(6),tensor(117)
tensor(6),tensor(129)
tensor(6),tensor(130)
tensor(6),tensor(140)
tensor(6),tensor(143)
tensor(6),tensor(152)
tensor(6),tensor(154)
tensor(6),tensor(155)
tensor(6),tensor(172)
tensor(6),tensor(177)
tensor(6),tensor(179)
tensor(6),tensor(180)
tensor(6),tensor(184)
tensor(6),tensor(187)
tensor(6),tensor(213)
tensor(6),tensor(218)
tensor(6),tensor(228)
tensor(6),tensor(236)
tensor(6),tensor(255)
tensor(6),tensor(261)
tensor(6),tensor(273)
tensor(6),tensor(286)
tensor(6),tensor(300)
tensor(6),tensor(312)
tensor(7),tensor(1)
tensor(7),tensor(7)
tensor(7),tensor(16)
tensor(7),tensor(18)
tensor(7),tensor(21)
tensor(7),tensor(23)
tensor(7),tensor(31)
tensor(7),tensor(37)
tensor(7),tensor(46)
tensor(7),tensor(57)
tensor(7),tensor(69)
tensor(7),tensor(73)
tensor(7),tensor(94)
tensor(7),tensor(100)
tensor(7),tensor(101)
tensor(7),tensor(116)
tensor(7),tensor(126)
tensor(7),tensor(128)
tensor(7),tensor(132)
tensor(7),tensor(143)
tensor(7),tensor(155)
tensor(7),tensor(157)
tensor(7),tensor(181)
tensor(7),tensor(193)
tensor(7),tensor(210)
tensor(7),tensor(213)
tensor(7),tensor(214)
tensor(7),tensor(219)
tensor(7),tensor(228)
tensor(7),tensor(242)
tensor(7),tensor(254)
tensor(7),tensor(260)
tensor(7),tensor(268)
tensor(7),tensor(280)
tensor(7),tensor(287)
tensor(7),tensor(299)
tensor(8),tensor(0)
tensor(8),tensor(10)
tensor(8),tensor(14)
tensor(8),tensor(15)
tensor(8),tensor(25)
tensor(8),tensor(29)
tensor(8),tensor(40)
tensor(8),tensor(42)
tensor(8),tensor(44)
tensor(8),tensor(48)
tensor(8),tensor(54)
tensor(8),tensor(55)
tensor(8),tensor(65)
tensor(8),tensor(76)
tensor(8),tensor(89)
tensor(8),tensor(104)
tensor(8),tensor(113)
tensor(8),tensor(130)
tensor(8),tensor(142)
tensor(8),tensor(153)
tensor(8),tensor(161)
tensor(8),tensor(165)
tensor(8),tensor(166)
tensor(8),tensor(169)
tensor(8),tensor(188)
tensor(8),tensor(196)
tensor(8),tensor(200)
tensor(8),tensor(207)
tensor(8),tensor(217)
tensor(8),tensor(218)
tensor(8),tensor(249)
tensor(8),tensor(253)
tensor(8),tensor(275)
tensor(8),tensor(284)
tensor(8),tensor(295)
tensor(8),tensor(297)
tensor(8),tensor(298)
tensor(8),tensor(299)
tensor(8),tensor(301)
tensor(8),tensor(304)
tensor(9),tensor(7)
tensor(9),tensor(23)
tensor(9),tensor(25)
tensor(9),tensor(27)
tensor(9),tensor(33)
tensor(9),tensor(37)
tensor(9),tensor(70)
tensor(9),tensor(95)
tensor(9),tensor(102)
tensor(9),tensor(116)
tensor(9),tensor(117)
tensor(9),tensor(118)
tensor(9),tensor(122)
tensor(9),tensor(123)
tensor(9),tensor(127)
tensor(9),tensor(134)
tensor(9),tensor(148)
tensor(9),tensor(156)
tensor(9),tensor(157)
tensor(9),tensor(194)
tensor(9),tensor(200)
tensor(9),tensor(201)
tensor(9),tensor(203)
tensor(9),tensor(205)
tensor(9),tensor(213)
tensor(9),tensor(217)
tensor(9),tensor(222)
tensor(9),tensor(227)
tensor(9),tensor(232)
tensor(9),tensor(236)
tensor(9),tensor(250)
tensor(9),tensor(255)
tensor(9),tensor(258)
tensor(9),tensor(262)
tensor(9),tensor(283)
tensor(9),tensor(287)
tensor(9),tensor(300)
tensor(9),tensor(301)
tensor(9),tensor(302)
tensor(9),tensor(309)
tensor(9),tensor(312)
tensor(10),tensor(3)
tensor(10),tensor(4)
tensor(10),tensor(17)
tensor(10),tensor(35)
tensor(10),tensor(38)
tensor(10),tensor(39)
tensor(10),tensor(41)
tensor(10),tensor(66)
tensor(10),tensor(75)
tensor(10),tensor(90)
tensor(10),tensor(103)
tensor(10),tensor(114)
tensor(10),tensor(115)
tensor(10),tensor(117)
tensor(10),tensor(119)
tensor(10),tensor(121)
tensor(10),tensor(135)
tensor(10),tensor(138)
tensor(10),tensor(150)
tensor(10),tensor(166)
tensor(10),tensor(172)
tensor(10),tensor(175)
tensor(10),tensor(186)
tensor(10),tensor(197)
tensor(10),tensor(206)
tensor(10),tensor(208)
tensor(10),tensor(228)
tensor(10),tensor(231)
tensor(10),tensor(235)
tensor(10),tensor(250)
tensor(10),tensor(251)
tensor(10),tensor(283)
tensor(10),tensor(293)
tensor(10),tensor(301)
tensor(11),tensor(5)
tensor(11),tensor(7)
tensor(11),tensor(8)
tensor(11),tensor(61)
tensor(11),tensor(72)
tensor(11),tensor(74)
tensor(11),tensor(82)
tensor(11),tensor(94)
tensor(11),tensor(96)
tensor(11),tensor(102)
tensor(11),tensor(105)
tensor(11),tensor(107)
tensor(11),tensor(108)
tensor(11),tensor(116)
tensor(11),tensor(121)
tensor(11),tensor(125)
tensor(11),tensor(134)
tensor(11),tensor(153)
tensor(11),tensor(181)
tensor(11),tensor(193)
tensor(11),tensor(202)
tensor(11),tensor(224)
tensor(11),tensor(241)
tensor(11),tensor(265)
tensor(11),tensor(272)
tensor(11),tensor(277)
tensor(11),tensor(279)
tensor(11),tensor(297)
tensor(11),tensor(302)
tensor(11),tensor(304)
tensor(11),tensor(308)
tensor(12),tensor(2)
tensor(12),tensor(5)
tensor(12),tensor(11)
tensor(12),tensor(12)
tensor(12),tensor(24)
tensor(12),tensor(36)
tensor(12),tensor(43)
tensor(12),tensor(49)
tensor(12),tensor(57)
tensor(12),tensor(90)
tensor(12),tensor(120)
tensor(12),tensor(129)
tensor(12),tensor(139)
tensor(12),tensor(145)
tensor(12),tensor(166)
tensor(12),tensor(180)
tensor(12),tensor(183)
tensor(12),tensor(211)
tensor(12),tensor(212)
tensor(12),tensor(213)
tensor(12),tensor(224)
tensor(12),tensor(229)
tensor(12),tensor(248)
tensor(12),tensor(253)
tensor(12),tensor(271)
tensor(12),tensor(275)
tensor(12),tensor(294)
tensor(12),tensor(301)
tensor(12),tensor(305)
tensor(13),tensor(8)
tensor(13),tensor(54)
tensor(13),tensor(55)
tensor(13),tensor(59)
tensor(13),tensor(73)
tensor(13),tensor(84)
tensor(13),tensor(95)
tensor(13),tensor(118)
tensor(13),tensor(126)
tensor(13),tensor(139)
tensor(13),tensor(140)
tensor(13),tensor(145)
tensor(13),tensor(171)
tensor(13),tensor(172)
tensor(13),tensor(180)
tensor(13),tensor(195)
tensor(13),tensor(206)
tensor(13),tensor(215)
tensor(13),tensor(224)
tensor(13),tensor(232)
tensor(13),tensor(238)
tensor(13),tensor(242)
tensor(13),tensor(246)
tensor(13),tensor(248)
tensor(13),tensor(255)
tensor(13),tensor(263)
tensor(13),tensor(267)
tensor(13),tensor(273)
tensor(13),tensor(274)
tensor(13),tensor(277)
tensor(13),tensor(296)
tensor(14),tensor(2)
tensor(14),tensor(4)
tensor(14),tensor(16)
tensor(14),tensor(21)
tensor(14),tensor(27)
tensor(14),tensor(34)
tensor(14),tensor(57)
tensor(14),tensor(58)
tensor(14),tensor(73)
tensor(14),tensor(82)
tensor(14),tensor(91)
tensor(14),tensor(105)
tensor(14),tensor(109)
tensor(14),tensor(112)
tensor(14),tensor(142)
tensor(14),tensor(148)
tensor(14),tensor(152)
tensor(14),tensor(167)
tensor(14),tensor(173)
tensor(14),tensor(177)
tensor(14),tensor(199)
tensor(14),tensor(205)
tensor(14),tensor(222)
tensor(14),tensor(228)
tensor(14),tensor(239)
tensor(14),tensor(246)
tensor(14),tensor(247)
tensor(14),tensor(248)
tensor(14),tensor(254)
tensor(14),tensor(259)
tensor(14),tensor(287)
tensor(14),tensor(289)
tensor(14),tensor(310)
tensor(15),tensor(4)
tensor(15),tensor(23)
tensor(15),tensor(28)
tensor(15),tensor(31)
tensor(15),tensor(33)
tensor(15),tensor(43)
tensor(15),tensor(51)
tensor(15),tensor(56)
tensor(15),tensor(63)
tensor(15),tensor(75)
tensor(15),tensor(121)
tensor(15),tensor(122)
tensor(15),tensor(123)
tensor(15),tensor(133)
tensor(15),tensor(134)
tensor(15),tensor(153)
tensor(15),tensor(157)
tensor(15),tensor(174)
tensor(15),tensor(176)
tensor(15),tensor(180)
tensor(15),tensor(185)
tensor(15),tensor(196)
tensor(15),tensor(200)
tensor(15),tensor(206)
tensor(15),tensor(240)
tensor(15),tensor(244)
tensor(15),tensor(256)
tensor(15),tensor(282)
tensor(15),tensor(289)
tensor(15),tensor(304)
tensor(15),tensor(306)
tensor(16),tensor(1)
tensor(16),tensor(13)
tensor(16),tensor(28)
tensor(16),tensor(29)
tensor(16),tensor(36)
tensor(16),tensor(52)
tensor(16),tensor(54)
tensor(16),tensor(74)
tensor(16),tensor(84)
tensor(16),tensor(115)
tensor(16),tensor(116)
tensor(16),tensor(126)
tensor(16),tensor(131)
tensor(16),tensor(141)
tensor(16),tensor(152)
tensor(16),tensor(153)
tensor(16),tensor(167)
tensor(16),tensor(178)
tensor(16),tensor(206)
tensor(16),tensor(209)
tensor(16),tensor(218)
tensor(16),tensor(221)
tensor(16),tensor(224)
tensor(16),tensor(233)
tensor(16),tensor(244)
tensor(16),tensor(248)
tensor(16),tensor(251)
tensor(16),tensor(252)
tensor(16),tensor(254)
tensor(16),tensor(257)
tensor(16),tensor(273)
tensor(16),tensor(291)
tensor(16),tensor(297)
tensor(17),tensor(6)
tensor(17),tensor(14)
tensor(17),tensor(15)
tensor(17),tensor(24)
tensor(17),tensor(25)
tensor(17),tensor(41)
tensor(17),tensor(46)
tensor(17),tensor(54)
tensor(17),tensor(58)
tensor(17),tensor(75)
tensor(17),tensor(80)
tensor(17),tensor(83)
tensor(17),tensor(102)
tensor(17),tensor(109)
tensor(17),tensor(124)
tensor(17),tensor(137)
tensor(17),tensor(141)
tensor(17),tensor(144)
tensor(17),tensor(163)
tensor(17),tensor(166)
tensor(17),tensor(178)
tensor(17),tensor(180)
tensor(17),tensor(181)
tensor(17),tensor(183)
tensor(17),tensor(185)
tensor(17),tensor(189)
tensor(17),tensor(191)
tensor(17),tensor(194)
tensor(17),tensor(215)
tensor(17),tensor(216)
tensor(17),tensor(217)
tensor(17),tensor(248)
tensor(17),tensor(253)
tensor(17),tensor(276)
tensor(17),tensor(279)
tensor(17),tensor(308)
tensor(18),tensor(14)
tensor(18),tensor(31)
tensor(18),tensor(35)
tensor(18),tensor(36)
tensor(18),tensor(37)
tensor(18),tensor(42)
tensor(18),tensor(57)
tensor(18),tensor(61)
tensor(18),tensor(79)
tensor(18),tensor(94)
tensor(18),tensor(97)
tensor(18),tensor(99)
tensor(18),tensor(102)
tensor(18),tensor(109)
tensor(18),tensor(115)
tensor(18),tensor(124)
tensor(18),tensor(128)
tensor(18),tensor(160)
tensor(18),tensor(161)
tensor(18),tensor(178)
tensor(18),tensor(200)
tensor(18),tensor(205)
tensor(18),tensor(224)
tensor(18),tensor(248)
tensor(18),tensor(262)
tensor(18),tensor(264)
tensor(18),tensor(266)
tensor(18),tensor(280)
tensor(18),tensor(308)
tensor(19),tensor(6)
tensor(19),tensor(20)
tensor(19),tensor(51)
tensor(19),tensor(55)
tensor(19),tensor(73)
tensor(19),tensor(84)
tensor(19),tensor(87)
tensor(19),tensor(93)
tensor(19),tensor(104)
tensor(19),tensor(124)
tensor(19),tensor(133)
tensor(19),tensor(134)
tensor(19),tensor(135)
tensor(19),tensor(156)
tensor(19),tensor(183)
tensor(19),tensor(209)
tensor(19),tensor(214)
tensor(19),tensor(223)
tensor(19),tensor(225)
tensor(19),tensor(232)
tensor(19),tensor(233)
tensor(19),tensor(252)
tensor(19),tensor(260)
tensor(19),tensor(267)
tensor(19),tensor(269)
tensor(19),tensor(270)
tensor(19),tensor(272)
tensor(19),tensor(273)
tensor(19),tensor(275)
tensor(19),tensor(287)
tensor(19),tensor(309)
tensor(19),tensor(311)
tensor(19),tensor(312)
tensor(20),tensor(18)
tensor(20),tensor(23)
tensor(20),tensor(40)
tensor(20),tensor(49)
tensor(20),tensor(64)
tensor(20),tensor(68)
tensor(20),tensor(98)
tensor(20),tensor(101)
tensor(20),tensor(123)
tensor(20),tensor(130)
tensor(20),tensor(142)
tensor(20),tensor(147)
tensor(20),tensor(154)
tensor(20),tensor(157)
tensor(20),tensor(158)
tensor(20),tensor(160)
tensor(20),tensor(179)
tensor(20),tensor(188)
tensor(20),tensor(197)
tensor(20),tensor(202)
tensor(20),tensor(205)
tensor(20),tensor(227)
tensor(20),tensor(254)
tensor(20),tensor(306)
tensor(20),tensor(309)
tensor(21),tensor(7)
tensor(21),tensor(11)
tensor(21),tensor(15)
tensor(21),tensor(20)
tensor(21),tensor(39)
tensor(21),tensor(40)
tensor(21),tensor(48)
tensor(21),tensor(55)
tensor(21),tensor(56)
tensor(21),tensor(73)
tensor(21),tensor(77)
tensor(21),tensor(78)
tensor(21),tensor(81)
tensor(21),tensor(84)
tensor(21),tensor(86)
tensor(21),tensor(87)
tensor(21),tensor(88)
tensor(21),tensor(93)
tensor(21),tensor(96)
tensor(21),tensor(104)
tensor(21),tensor(105)
tensor(21),tensor(117)
tensor(21),tensor(120)
tensor(21),tensor(134)
tensor(21),tensor(139)
tensor(21),tensor(150)
tensor(21),tensor(152)
tensor(21),tensor(153)
tensor(21),tensor(181)
tensor(21),tensor(187)
tensor(21),tensor(195)
tensor(21),tensor(206)
tensor(21),tensor(213)
tensor(21),tensor(218)
tensor(21),tensor(234)
tensor(21),tensor(248)
tensor(21),tensor(262)
tensor(21),tensor(263)
tensor(21),tensor(280)
tensor(21),tensor(288)
tensor(21),tensor(298)
tensor(22),tensor(13)
tensor(22),tensor(21)
tensor(22),tensor(28)
tensor(22),tensor(34)
tensor(22),tensor(50)
tensor(22),tensor(66)
tensor(22),tensor(79)
tensor(22),tensor(86)
tensor(22),tensor(88)
tensor(22),tensor(91)
tensor(22),tensor(96)
tensor(22),tensor(105)
tensor(22),tensor(107)
tensor(22),tensor(108)
tensor(22),tensor(114)
tensor(22),tensor(134)
tensor(22),tensor(155)
tensor(22),tensor(157)
tensor(22),tensor(158)
tensor(22),tensor(170)
tensor(22),tensor(171)
tensor(22),tensor(177)
tensor(22),tensor(184)
tensor(22),tensor(185)
tensor(22),tensor(186)
tensor(22),tensor(189)
tensor(22),tensor(190)
tensor(22),tensor(198)
tensor(22),tensor(203)
tensor(22),tensor(207)
tensor(22),tensor(243)
tensor(22),tensor(279)
tensor(22),tensor(284)
tensor(22),tensor(289)
tensor(22),tensor(296)
tensor(22),tensor(301)
tensor(23),tensor(0)
tensor(23),tensor(2)
tensor(23),tensor(7)
tensor(23),tensor(28)
tensor(23),tensor(30)
tensor(23),tensor(34)
tensor(23),tensor(41)
tensor(23),tensor(48)
tensor(23),tensor(49)
tensor(23),tensor(54)
tensor(23),tensor(60)
tensor(23),tensor(78)
tensor(23),tensor(81)
tensor(23),tensor(86)
tensor(23),tensor(91)
tensor(23),tensor(95)
tensor(23),tensor(105)
tensor(23),tensor(109)
tensor(23),tensor(116)
tensor(23),tensor(119)
tensor(23),tensor(155)
tensor(23),tensor(156)
tensor(23),tensor(196)
tensor(23),tensor(216)
tensor(23),tensor(222)
tensor(23),tensor(224)
tensor(23),tensor(225)
tensor(23),tensor(250)
tensor(23),tensor(256)
tensor(23),tensor(266)
tensor(23),tensor(269)
tensor(23),tensor(292)
tensor(23),tensor(307)
tensor(23),tensor(312)
tensor(24),tensor(5)
tensor(24),tensor(23)
tensor(24),tensor(31)
tensor(24),tensor(66)
tensor(24),tensor(77)
tensor(24),tensor(78)
tensor(24),tensor(84)
tensor(24),tensor(89)
tensor(24),tensor(101)
tensor(24),tensor(118)
tensor(24),tensor(127)
tensor(24),tensor(133)
tensor(24),tensor(143)
tensor(24),tensor(151)
tensor(24),tensor(158)
tensor(24),tensor(170)
tensor(24),tensor(182)
tensor(24),tensor(215)
tensor(24),tensor(219)
tensor(24),tensor(229)
tensor(24),tensor(243)
tensor(24),tensor(253)
tensor(24),tensor(257)
tensor(24),tensor(262)
tensor(24),tensor(264)
tensor(24),tensor(267)
tensor(24),tensor(269)
tensor(24),tensor(284)
tensor(24),tensor(287)
tensor(24),tensor(300)
tensor(24),tensor(301)
tensor(25),tensor(6)
tensor(25),tensor(11)
tensor(25),tensor(17)
tensor(25),tensor(20)
tensor(25),tensor(30)
tensor(25),tensor(41)
tensor(25),tensor(43)
tensor(25),tensor(45)
tensor(25),tensor(50)
tensor(25),tensor(60)
tensor(25),tensor(75)
tensor(25),tensor(81)
tensor(25),tensor(98)
tensor(25),tensor(100)
tensor(25),tensor(127)
tensor(25),tensor(131)
tensor(25),tensor(138)
tensor(25),tensor(150)
tensor(25),tensor(154)
tensor(25),tensor(155)
tensor(25),tensor(157)
tensor(25),tensor(162)
tensor(25),tensor(175)
tensor(25),tensor(181)
tensor(25),tensor(185)
tensor(25),tensor(195)
tensor(25),tensor(212)
tensor(25),tensor(218)
tensor(25),tensor(224)
tensor(25),tensor(243)
tensor(25),tensor(256)
tensor(25),tensor(284)
tensor(25),tensor(285)
tensor(25),tensor(288)
tensor(25),tensor(291)
tensor(25),tensor(307)
tensor(26),tensor(20)
tensor(26),tensor(29)
tensor(26),tensor(30)
tensor(26),tensor(36)
tensor(26),tensor(43)
tensor(26),tensor(48)
tensor(26),tensor(50)
tensor(26),tensor(53)
tensor(26),tensor(65)
tensor(26),tensor(75)
tensor(26),tensor(88)
tensor(26),tensor(97)
tensor(26),tensor(104)
tensor(26),tensor(114)
tensor(26),tensor(116)
tensor(26),tensor(122)
tensor(26),tensor(126)
tensor(26),tensor(129)
tensor(26),tensor(133)
tensor(26),tensor(135)
tensor(26),tensor(156)
tensor(26),tensor(158)
tensor(26),tensor(165)
tensor(26),tensor(169)
tensor(26),tensor(180)
tensor(26),tensor(203)
tensor(26),tensor(219)
tensor(26),tensor(233)
tensor(26),tensor(245)
tensor(26),tensor(247)
tensor(26),tensor(248)
tensor(26),tensor(249)
tensor(26),tensor(254)
tensor(26),tensor(262)
tensor(26),tensor(265)
tensor(26),tensor(283)
tensor(26),tensor(288)
tensor(26),tensor(296)
tensor(26),tensor(299)
tensor(26),tensor(305)
tensor(27),tensor(4)
tensor(27),tensor(15)
tensor(27),tensor(16)
tensor(27),tensor(26)
tensor(27),tensor(27)
tensor(27),tensor(40)
tensor(27),tensor(56)
tensor(27),tensor(65)
tensor(27),tensor(89)
tensor(27),tensor(91)
tensor(27),tensor(99)
tensor(27),tensor(101)
tensor(27),tensor(111)
tensor(27),tensor(115)
tensor(27),tensor(122)
tensor(27),tensor(155)
tensor(27),tensor(162)
tensor(27),tensor(165)
tensor(27),tensor(174)
tensor(27),tensor(180)
tensor(27),tensor(187)
tensor(27),tensor(203)
tensor(27),tensor(242)
tensor(27),tensor(245)
tensor(27),tensor(246)
tensor(27),tensor(249)
tensor(27),tensor(264)
tensor(27),tensor(288)
tensor(28),tensor(6)
tensor(28),tensor(18)
tensor(28),tensor(29)
tensor(28),tensor(34)
tensor(28),tensor(36)
tensor(28),tensor(43)
tensor(28),tensor(64)
tensor(28),tensor(73)
tensor(28),tensor(79)
tensor(28),tensor(88)
tensor(28),tensor(91)
tensor(28),tensor(94)
tensor(28),tensor(106)
tensor(28),tensor(112)
tensor(28),tensor(120)
tensor(28),tensor(129)
tensor(28),tensor(138)
tensor(28),tensor(147)
tensor(28),tensor(154)
tensor(28),tensor(155)
tensor(28),tensor(174)
tensor(28),tensor(180)
tensor(28),tensor(192)
tensor(28),tensor(196)
tensor(28),tensor(197)
tensor(28),tensor(209)
tensor(28),tensor(215)
tensor(28),tensor(227)
tensor(28),tensor(243)
tensor(28),tensor(248)
tensor(28),tensor(257)
tensor(28),tensor(261)
tensor(28),tensor(277)
tensor(28),tensor(282)
tensor(28),tensor(306)
tensor(28),tensor(312)
tensor(29),tensor(0)
tensor(29),tensor(10)
tensor(29),tensor(17)
tensor(29),tensor(27)
tensor(29),tensor(29)
tensor(29),tensor(34)
tensor(29),tensor(49)
tensor(29),tensor(59)
tensor(29),tensor(65)
tensor(29),tensor(79)
tensor(29),tensor(90)
tensor(29),tensor(104)
tensor(29),tensor(105)
tensor(29),tensor(117)
tensor(29),tensor(130)
tensor(29),tensor(148)
tensor(29),tensor(197)
tensor(29),tensor(213)
tensor(29),tensor(214)
tensor(29),tensor(217)
tensor(29),tensor(228)
tensor(29),tensor(230)
tensor(29),tensor(238)
tensor(29),tensor(246)
tensor(29),tensor(250)
tensor(29),tensor(268)
tensor(29),tensor(277)
tensor(29),tensor(292)
tensor(29),tensor(295)
tensor(30),tensor(0)
tensor(30),tensor(5)
tensor(30),tensor(36)
tensor(30),tensor(44)
tensor(30),tensor(53)
tensor(30),tensor(56)
tensor(30),tensor(67)
tensor(30),tensor(69)
tensor(30),tensor(70)
tensor(30),tensor(79)
tensor(30),tensor(90)
tensor(30),tensor(116)
tensor(30),tensor(133)
tensor(30),tensor(139)
tensor(30),tensor(140)
tensor(30),tensor(152)
tensor(30),tensor(154)
tensor(30),tensor(155)
tensor(30),tensor(157)
tensor(30),tensor(162)
tensor(30),tensor(173)
tensor(30),tensor(175)
tensor(30),tensor(185)
tensor(30),tensor(199)
tensor(30),tensor(216)
tensor(30),tensor(217)
tensor(30),tensor(227)
tensor(30),tensor(236)
tensor(30),tensor(243)
tensor(30),tensor(245)
tensor(30),tensor(249)
tensor(30),tensor(253)
tensor(30),tensor(264)
tensor(30),tensor(270)
tensor(30),tensor(271)
tensor(30),tensor(279)
tensor(30),tensor(297)
tensor(30),tensor(302)
tensor(31),tensor(1)
tensor(31),tensor(9)
tensor(31),tensor(12)
tensor(31),tensor(13)
tensor(31),tensor(27)
tensor(31),tensor(49)
tensor(31),tensor(58)
tensor(31),tensor(62)
tensor(31),tensor(80)
tensor(31),tensor(85)
tensor(31),tensor(105)
tensor(31),tensor(106)
tensor(31),tensor(110)
tensor(31),tensor(129)
tensor(31),tensor(130)
tensor(31),tensor(134)
tensor(31),tensor(138)
tensor(31),tensor(145)
tensor(31),tensor(146)
tensor(31),tensor(153)
tensor(31),tensor(163)
tensor(31),tensor(176)
tensor(31),tensor(201)
tensor(31),tensor(203)
tensor(31),tensor(205)
tensor(31),tensor(216)
tensor(31),tensor(225)
tensor(31),tensor(228)
tensor(31),tensor(242)
tensor(31),tensor(250)
tensor(31),tensor(261)
tensor(31),tensor(267)
tensor(31),tensor(282)
tensor(31),tensor(287)
tensor(31),tensor(291)
tensor(31),tensor(292)
tensor(32),tensor(4)
tensor(32),tensor(5)
tensor(32),tensor(10)
tensor(32),tensor(11)
tensor(32),tensor(27)
tensor(32),tensor(32)
tensor(32),tensor(35)
tensor(32),tensor(59)
tensor(32),tensor(85)
tensor(32),tensor(90)
tensor(32),tensor(113)
tensor(32),tensor(160)
tensor(32),tensor(171)
tensor(32),tensor(185)
tensor(32),tensor(230)
tensor(32),tensor(242)
tensor(32),tensor(245)
tensor(32),tensor(261)
tensor(32),tensor(265)
tensor(32),tensor(266)
tensor(32),tensor(269)
tensor(32),tensor(274)
tensor(32),tensor(278)
tensor(32),tensor(298)
tensor(32),tensor(299)
tensor(33),tensor(2)
tensor(33),tensor(7)
tensor(33),tensor(12)
tensor(33),tensor(20)
tensor(33),tensor(53)
tensor(33),tensor(68)
tensor(33),tensor(69)
tensor(33),tensor(71)
tensor(33),tensor(90)
tensor(33),tensor(97)
tensor(33),tensor(110)
tensor(33),tensor(132)
tensor(33),tensor(139)
tensor(33),tensor(142)
tensor(33),tensor(152)
tensor(33),tensor(158)
tensor(33),tensor(163)
tensor(33),tensor(166)
tensor(33),tensor(168)
tensor(33),tensor(169)
tensor(33),tensor(170)
tensor(33),tensor(173)
tensor(33),tensor(177)
tensor(33),tensor(194)
tensor(33),tensor(199)
tensor(33),tensor(211)
tensor(33),tensor(217)
tensor(33),tensor(221)
tensor(33),tensor(224)
tensor(33),tensor(234)
tensor(33),tensor(254)
tensor(33),tensor(256)
tensor(33),tensor(270)
tensor(33),tensor(272)
tensor(33),tensor(291)
tensor(33),tensor(309)
tensor(34),tensor(10)
tensor(34),tensor(31)
tensor(34),tensor(34)
tensor(34),tensor(47)
tensor(34),tensor(51)
tensor(34),tensor(64)
tensor(34),tensor(66)
tensor(34),tensor(67)
tensor(34),tensor(72)
tensor(34),tensor(98)
tensor(34),tensor(102)
tensor(34),tensor(105)
tensor(34),tensor(115)
tensor(34),tensor(133)
tensor(34),tensor(137)
tensor(34),tensor(140)
tensor(34),tensor(143)
tensor(34),tensor(144)
tensor(34),tensor(156)
tensor(34),tensor(172)
tensor(34),tensor(191)
tensor(34),tensor(193)
tensor(34),tensor(198)
tensor(34),tensor(199)
tensor(34),tensor(206)
tensor(34),tensor(248)
tensor(34),tensor(254)
tensor(34),tensor(264)
tensor(34),tensor(266)
tensor(34),tensor(276)
tensor(34),tensor(284)
tensor(34),tensor(308)
tensor(35),tensor(17)
tensor(35),tensor(21)
tensor(35),tensor(34)
tensor(35),tensor(37)
tensor(35),tensor(39)
tensor(35),tensor(55)
tensor(35),tensor(60)
tensor(35),tensor(69)
tensor(35),tensor(80)
tensor(35),tensor(87)
tensor(35),tensor(88)
tensor(35),tensor(93)
tensor(35),tensor(98)
tensor(35),tensor(107)
tensor(35),tensor(108)
tensor(35),tensor(127)
tensor(35),tensor(152)
tensor(35),tensor(167)
tensor(35),tensor(187)
tensor(35),tensor(201)
tensor(35),tensor(222)
tensor(35),tensor(226)
tensor(35),tensor(256)
tensor(35),tensor(261)
tensor(35),tensor(281)
tensor(35),tensor(293)
tensor(35),tensor(298)
tensor(36),tensor(5)
tensor(36),tensor(13)
tensor(36),tensor(21)
tensor(36),tensor(30)
tensor(36),tensor(56)
tensor(36),tensor(63)
tensor(36),tensor(80)
tensor(36),tensor(81)
tensor(36),tensor(106)
tensor(36),tensor(110)
tensor(36),tensor(114)
tensor(36),tensor(121)
tensor(36),tensor(132)
tensor(36),tensor(135)
tensor(36),tensor(142)
tensor(36),tensor(148)
tensor(36),tensor(153)
tensor(36),tensor(160)
tensor(36),tensor(182)
tensor(36),tensor(183)
tensor(36),tensor(191)
tensor(36),tensor(205)
tensor(36),tensor(212)
tensor(36),tensor(227)
tensor(36),tensor(237)
tensor(36),tensor(267)
tensor(36),tensor(272)
tensor(36),tensor(273)
tensor(36),tensor(280)
tensor(37),tensor(0)
tensor(37),tensor(3)
tensor(37),tensor(5)
tensor(37),tensor(14)
tensor(37),tensor(31)
tensor(37),tensor(37)
tensor(37),tensor(52)
tensor(37),tensor(58)
tensor(37),tensor(60)
tensor(37),tensor(64)
tensor(37),tensor(77)
tensor(37),tensor(79)
tensor(37),tensor(95)
tensor(37),tensor(97)
tensor(37),tensor(108)
tensor(37),tensor(112)
tensor(37),tensor(126)
tensor(37),tensor(129)
tensor(37),tensor(142)
tensor(37),tensor(152)
tensor(37),tensor(155)
tensor(37),tensor(173)
tensor(37),tensor(176)
tensor(37),tensor(181)
tensor(37),tensor(185)
tensor(37),tensor(187)
tensor(37),tensor(192)
tensor(37),tensor(199)
tensor(37),tensor(205)
tensor(37),tensor(209)
tensor(37),tensor(213)
tensor(37),tensor(221)
tensor(37),tensor(226)
tensor(37),tensor(238)
tensor(37),tensor(246)
tensor(37),tensor(249)
tensor(37),tensor(250)
tensor(37),tensor(254)
tensor(37),tensor(257)
tensor(37),tensor(258)
tensor(37),tensor(260)
tensor(37),tensor(262)
tensor(37),tensor(277)
tensor(37),tensor(283)
tensor(37),tensor(287)
tensor(37),tensor(295)
tensor(38),tensor(19)
tensor(38),tensor(21)
tensor(38),tensor(31)
tensor(38),tensor(38)
tensor(38),tensor(40)
tensor(38),tensor(45)
tensor(38),tensor(59)
tensor(38),tensor(63)
tensor(38),tensor(72)
tensor(38),tensor(83)
tensor(38),tensor(91)
tensor(38),tensor(108)
tensor(38),tensor(112)
tensor(38),tensor(124)
tensor(38),tensor(133)
tensor(38),tensor(134)
tensor(38),tensor(142)
tensor(38),tensor(154)
tensor(38),tensor(161)
tensor(38),tensor(192)
tensor(38),tensor(195)
tensor(38),tensor(205)
tensor(38),tensor(207)
tensor(38),tensor(214)
tensor(38),tensor(215)
tensor(38),tensor(235)
tensor(38),tensor(245)
tensor(38),tensor(247)
tensor(38),tensor(249)
tensor(38),tensor(257)
tensor(38),tensor(260)
tensor(38),tensor(265)
tensor(38),tensor(291)
tensor(38),tensor(292)
tensor(38),tensor(294)
tensor(38),tensor(300)
tensor(39),tensor(7)
tensor(39),tensor(23)
tensor(39),tensor(29)
tensor(39),tensor(57)
tensor(39),tensor(61)
tensor(39),tensor(69)
tensor(39),tensor(71)
tensor(39),tensor(76)
tensor(39),tensor(83)
tensor(39),tensor(93)
tensor(39),tensor(95)
tensor(39),tensor(98)
tensor(39),tensor(103)
tensor(39),tensor(115)
tensor(39),tensor(130)
tensor(39),tensor(184)
tensor(39),tensor(190)
tensor(39),tensor(201)
tensor(39),tensor(212)
tensor(39),tensor(224)
tensor(39),tensor(234)
tensor(39),tensor(235)
tensor(39),tensor(238)
tensor(39),tensor(272)
tensor(39),tensor(281)
tensor(39),tensor(302)
tensor(40),tensor(8)
tensor(40),tensor(24)
tensor(40),tensor(27)
tensor(40),tensor(38)
tensor(40),tensor(44)
tensor(40),tensor(46)
tensor(40),tensor(55)
tensor(40),tensor(69)
tensor(40),tensor(70)
tensor(40),tensor(81)
tensor(40),tensor(115)
tensor(40),tensor(151)
tensor(40),tensor(158)
tensor(40),tensor(172)
tensor(40),tensor(175)
tensor(40),tensor(178)
tensor(40),tensor(185)
tensor(40),tensor(197)
tensor(40),tensor(213)
tensor(40),tensor(214)
tensor(40),tensor(223)
tensor(40),tensor(229)
tensor(40),tensor(231)
tensor(40),tensor(247)
tensor(40),tensor(258)
tensor(40),tensor(276)
tensor(40),tensor(291)
tensor(40),tensor(298)
tensor(40),tensor(299)
tensor(40),tensor(300)
tensor(40),tensor(307)
tensor(40),tensor(309)
tensor(41),tensor(1)
tensor(41),tensor(7)
tensor(41),tensor(15)
tensor(41),tensor(16)
tensor(41),tensor(40)
tensor(41),tensor(43)
tensor(41),tensor(59)
tensor(41),tensor(62)
tensor(41),tensor(63)
tensor(41),tensor(73)
tensor(41),tensor(78)
tensor(41),tensor(95)
tensor(41),tensor(103)
tensor(41),tensor(122)
tensor(41),tensor(148)
tensor(41),tensor(155)
tensor(41),tensor(183)
tensor(41),tensor(187)
tensor(41),tensor(225)
tensor(41),tensor(234)
tensor(41),tensor(257)
tensor(41),tensor(294)
tensor(41),tensor(305)
tensor(41),tensor(306)
tensor(41),tensor(307)
tensor(42),tensor(5)
tensor(42),tensor(24)
tensor(42),tensor(31)
tensor(42),tensor(67)
tensor(42),tensor(71)
tensor(42),tensor(73)
tensor(42),tensor(90)
tensor(42),tensor(106)
tensor(42),tensor(122)
tensor(42),tensor(123)
tensor(42),tensor(128)
tensor(42),tensor(151)
tensor(42),tensor(153)
tensor(42),tensor(175)
tensor(42),tensor(185)
tensor(42),tensor(191)
tensor(42),tensor(205)
tensor(42),tensor(218)
tensor(42),tensor(221)
tensor(42),tensor(234)
tensor(42),tensor(254)
tensor(42),tensor(259)
tensor(42),tensor(265)
tensor(42),tensor(268)
tensor(42),tensor(294)
tensor(42),tensor(299)
tensor(42),tensor(301)
tensor(43),tensor(7)
tensor(43),tensor(8)
tensor(43),tensor(9)
tensor(43),tensor(10)
tensor(43),tensor(19)
tensor(43),tensor(24)
tensor(43),tensor(31)
tensor(43),tensor(43)
tensor(43),tensor(44)
tensor(43),tensor(50)
tensor(43),tensor(58)
tensor(43),tensor(85)
tensor(43),tensor(92)
tensor(43),tensor(98)
tensor(43),tensor(110)
tensor(43),tensor(135)
tensor(43),tensor(150)
tensor(43),tensor(160)
tensor(43),tensor(163)
tensor(43),tensor(169)
tensor(43),tensor(174)
tensor(43),tensor(187)
tensor(43),tensor(200)
tensor(43),tensor(207)
tensor(43),tensor(216)
tensor(43),tensor(219)
tensor(43),tensor(227)
tensor(43),tensor(237)
tensor(43),tensor(241)
tensor(43),tensor(242)
tensor(43),tensor(252)
tensor(43),tensor(253)
tensor(43),tensor(254)
tensor(43),tensor(259)
tensor(43),tensor(266)
tensor(43),tensor(267)
tensor(43),tensor(278)
tensor(43),tensor(286)
tensor(43),tensor(300)
tensor(43),tensor(303)
tensor(43),tensor(310)
tensor(44),tensor(9)
tensor(44),tensor(22)
tensor(44),tensor(43)
tensor(44),tensor(50)
tensor(44),tensor(59)
tensor(44),tensor(64)
tensor(44),tensor(71)
tensor(44),tensor(92)
tensor(44),tensor(115)
tensor(44),tensor(119)
tensor(44),tensor(150)
tensor(44),tensor(175)
tensor(44),tensor(187)
tensor(44),tensor(189)
tensor(44),tensor(204)
tensor(44),tensor(217)
tensor(44),tensor(220)
tensor(44),tensor(225)
tensor(44),tensor(230)
tensor(44),tensor(237)
tensor(44),tensor(242)
tensor(44),tensor(247)
tensor(44),tensor(261)
tensor(44),tensor(267)
tensor(44),tensor(274)
tensor(44),tensor(283)
tensor(44),tensor(289)
tensor(44),tensor(296)
tensor(45),tensor(9)
tensor(45),tensor(13)
tensor(45),tensor(35)
tensor(45),tensor(57)
tensor(45),tensor(71)
tensor(45),tensor(97)
tensor(45),tensor(109)
tensor(45),tensor(125)
tensor(45),tensor(134)
tensor(45),tensor(135)
tensor(45),tensor(152)
tensor(45),tensor(174)
tensor(45),tensor(207)
tensor(45),tensor(217)
tensor(45),tensor(235)
tensor(45),tensor(248)
tensor(45),tensor(251)
tensor(45),tensor(265)
tensor(45),tensor(297)
tensor(45),tensor(311)
tensor(46),tensor(5)
tensor(46),tensor(7)
tensor(46),tensor(18)
tensor(46),tensor(29)
tensor(46),tensor(30)
tensor(46),tensor(36)
tensor(46),tensor(38)
tensor(46),tensor(42)
tensor(46),tensor(59)
tensor(46),tensor(68)
tensor(46),tensor(71)
tensor(46),tensor(78)
tensor(46),tensor(81)
tensor(46),tensor(99)
tensor(46),tensor(103)
tensor(46),tensor(104)
tensor(46),tensor(112)
tensor(46),tensor(116)
tensor(46),tensor(132)
tensor(46),tensor(137)
tensor(46),tensor(147)
tensor(46),tensor(172)
tensor(46),tensor(189)
tensor(46),tensor(192)
tensor(46),tensor(241)
tensor(46),tensor(251)
tensor(46),tensor(262)
tensor(46),tensor(268)
tensor(46),tensor(282)
tensor(46),tensor(283)
tensor(46),tensor(300)
tensor(47),tensor(3)
tensor(47),tensor(4)
tensor(47),tensor(24)
tensor(47),tensor(28)
tensor(47),tensor(30)
tensor(47),tensor(34)
tensor(47),tensor(52)
tensor(47),tensor(80)
tensor(47),tensor(83)
tensor(47),tensor(84)
tensor(47),tensor(96)
tensor(47),tensor(107)
tensor(47),tensor(128)
tensor(47),tensor(131)
tensor(47),tensor(135)
tensor(47),tensor(159)
tensor(47),tensor(163)
tensor(47),tensor(183)
tensor(47),tensor(195)
tensor(47),tensor(205)
tensor(47),tensor(218)
tensor(47),tensor(219)
tensor(47),tensor(229)
tensor(47),tensor(230)
tensor(47),tensor(235)
tensor(47),tensor(244)
tensor(47),tensor(257)
tensor(47),tensor(258)
tensor(47),tensor(259)
tensor(47),tensor(287)
tensor(47),tensor(299)
tensor(48),tensor(4)
tensor(48),tensor(9)
tensor(48),tensor(11)
tensor(48),tensor(31)
tensor(48),tensor(35)
tensor(48),tensor(36)
tensor(48),tensor(51)
tensor(48),tensor(62)
tensor(48),tensor(77)
tensor(48),tensor(88)
tensor(48),tensor(89)
tensor(48),tensor(94)
tensor(48),tensor(108)
tensor(48),tensor(115)
tensor(48),tensor(140)
tensor(48),tensor(150)
tensor(48),tensor(180)
tensor(48),tensor(185)
tensor(48),tensor(201)
tensor(48),tensor(209)
tensor(48),tensor(212)
tensor(48),tensor(227)
tensor(48),tensor(233)
tensor(48),tensor(259)
tensor(48),tensor(294)
tensor(48),tensor(303)
tensor(48),tensor(304)
tensor(49),tensor(19)
tensor(49),tensor(22)
tensor(49),tensor(25)
tensor(49),tensor(38)
tensor(49),tensor(40)
tensor(49),tensor(42)
tensor(49),tensor(89)
tensor(49),tensor(108)
tensor(49),tensor(117)
tensor(49),tensor(133)
tensor(49),tensor(139)
tensor(49),tensor(153)
tensor(49),tensor(163)
tensor(49),tensor(168)
tensor(49),tensor(171)
tensor(49),tensor(177)
tensor(49),tensor(197)
tensor(49),tensor(202)
tensor(49),tensor(203)
tensor(49),tensor(219)
tensor(49),tensor(235)
tensor(49),tensor(246)
tensor(49),tensor(264)
tensor(49),tensor(270)
tensor(49),tensor(277)
tensor(49),tensor(292)
tensor(49),tensor(294)
tensor(49),tensor(309)
tensor(50),tensor(5)
tensor(50),tensor(14)
tensor(50),tensor(32)
tensor(50),tensor(33)
tensor(50),tensor(47)
tensor(50),tensor(48)
tensor(50),tensor(82)
tensor(50),tensor(85)
tensor(50),tensor(98)
tensor(50),tensor(99)
tensor(50),tensor(105)
tensor(50),tensor(107)
tensor(50),tensor(119)
tensor(50),tensor(157)
tensor(50),tensor(159)
tensor(50),tensor(168)
tensor(50),tensor(174)
tensor(50),tensor(177)
tensor(50),tensor(185)
tensor(50),tensor(203)
tensor(50),tensor(206)
tensor(50),tensor(211)
tensor(50),tensor(217)
tensor(50),tensor(224)
tensor(50),tensor(226)
tensor(50),tensor(236)
tensor(50),tensor(239)
tensor(50),tensor(247)
tensor(50),tensor(251)
tensor(50),tensor(270)
tensor(50),tensor(276)
tensor(50),tensor(308)
tensor(51),tensor(10)
tensor(51),tensor(19)
tensor(51),tensor(24)
tensor(51),tensor(42)
tensor(51),tensor(45)
tensor(51),tensor(55)
tensor(51),tensor(64)
tensor(51),tensor(79)
tensor(51),tensor(87)
tensor(51),tensor(89)
tensor(51),tensor(107)
tensor(51),tensor(111)
tensor(51),tensor(143)
tensor(51),tensor(146)
tensor(51),tensor(160)
tensor(51),tensor(171)
tensor(51),tensor(179)
tensor(51),tensor(196)
tensor(51),tensor(198)
tensor(51),tensor(232)
tensor(51),tensor(233)
tensor(51),tensor(243)
tensor(51),tensor(262)
tensor(51),tensor(266)
tensor(51),tensor(284)
tensor(51),tensor(289)
tensor(51),tensor(290)
tensor(51),tensor(293)
tensor(51),tensor(302)
tensor(52),tensor(1)
tensor(52),tensor(2)
tensor(52),tensor(10)
tensor(52),tensor(13)
tensor(52),tensor(18)
tensor(52),tensor(33)
tensor(52),tensor(36)
tensor(52),tensor(52)
tensor(52),tensor(69)
tensor(52),tensor(70)
tensor(52),tensor(74)
tensor(52),tensor(80)
tensor(52),tensor(93)
tensor(52),tensor(126)
tensor(52),tensor(135)
tensor(52),tensor(149)
tensor(52),tensor(155)
tensor(52),tensor(160)
tensor(52),tensor(164)
tensor(52),tensor(182)
tensor(52),tensor(189)
tensor(52),tensor(192)
tensor(52),tensor(197)
tensor(52),tensor(213)
tensor(52),tensor(214)
tensor(52),tensor(226)
tensor(52),tensor(230)
tensor(52),tensor(231)
tensor(52),tensor(234)
tensor(52),tensor(236)
tensor(52),tensor(242)
tensor(52),tensor(245)
tensor(52),tensor(251)
tensor(52),tensor(265)
tensor(52),tensor(271)
tensor(52),tensor(282)
tensor(52),tensor(283)
tensor(52),tensor(291)
tensor(52),tensor(294)
tensor(52),tensor(300)
tensor(52),tensor(312)
tensor(53),tensor(6)
tensor(53),tensor(19)
tensor(53),tensor(31)
tensor(53),tensor(35)
tensor(53),tensor(55)
tensor(53),tensor(56)
tensor(53),tensor(59)
tensor(53),tensor(68)
tensor(53),tensor(77)
tensor(53),tensor(83)
tensor(53),tensor(87)
tensor(53),tensor(99)
tensor(53),tensor(123)
tensor(53),tensor(136)
tensor(53),tensor(144)
tensor(53),tensor(155)
tensor(53),tensor(165)
tensor(53),tensor(180)
tensor(53),tensor(187)
tensor(53),tensor(201)
tensor(53),tensor(225)
tensor(53),tensor(226)
tensor(53),tensor(233)
tensor(53),tensor(242)
tensor(53),tensor(258)
tensor(53),tensor(265)
tensor(53),tensor(282)
tensor(53),tensor(292)
tensor(53),tensor(297)
tensor(53),tensor(304)
tensor(53),tensor(305)
tensor(53),tensor(309)
tensor(54),tensor(1)
tensor(54),tensor(14)
tensor(54),tensor(24)
tensor(54),tensor(43)
tensor(54),tensor(45)
tensor(54),tensor(50)
tensor(54),tensor(61)
tensor(54),tensor(68)
tensor(54),tensor(74)
tensor(54),tensor(79)
tensor(54),tensor(80)
tensor(54),tensor(88)
tensor(54),tensor(91)
tensor(54),tensor(95)
tensor(54),tensor(108)
tensor(54),tensor(114)
tensor(54),tensor(115)
tensor(54),tensor(116)
tensor(54),tensor(118)
tensor(54),tensor(130)
tensor(54),tensor(144)
tensor(54),tensor(149)
tensor(54),tensor(169)
tensor(54),tensor(178)
tensor(54),tensor(191)
tensor(54),tensor(192)
tensor(54),tensor(206)
tensor(54),tensor(211)
tensor(54),tensor(213)
tensor(54),tensor(250)
tensor(54),tensor(266)
tensor(54),tensor(291)
tensor(54),tensor(300)
tensor(54),tensor(310)
tensor(55),tensor(5)
tensor(55),tensor(18)
tensor(55),tensor(35)
tensor(55),tensor(38)
tensor(55),tensor(50)
tensor(55),tensor(52)
tensor(55),tensor(54)
tensor(55),tensor(65)
tensor(55),tensor(91)
tensor(55),tensor(94)
tensor(55),tensor(104)
tensor(55),tensor(137)
tensor(55),tensor(155)
tensor(55),tensor(163)
tensor(55),tensor(196)
tensor(55),tensor(197)
tensor(55),tensor(204)
tensor(55),tensor(209)
tensor(55),tensor(216)
tensor(55),tensor(220)
tensor(55),tensor(235)
tensor(55),tensor(244)
tensor(55),tensor(248)
tensor(55),tensor(249)
tensor(55),tensor(250)
tensor(55),tensor(252)
tensor(55),tensor(257)
tensor(55),tensor(269)
tensor(56),tensor(13)
tensor(56),tensor(27)
tensor(56),tensor(30)
tensor(56),tensor(42)
tensor(56),tensor(50)
tensor(56),tensor(58)
tensor(56),tensor(72)
tensor(56),tensor(81)
tensor(56),tensor(82)
tensor(56),tensor(95)
tensor(56),tensor(96)
tensor(56),tensor(104)
tensor(56),tensor(157)
tensor(56),tensor(167)
tensor(56),tensor(175)
tensor(56),tensor(178)
tensor(56),tensor(213)
tensor(56),tensor(231)
tensor(56),tensor(243)
tensor(56),tensor(249)
tensor(56),tensor(257)
tensor(56),tensor(260)
tensor(56),tensor(263)
tensor(56),tensor(273)
tensor(56),tensor(288)
tensor(56),tensor(309)
tensor(57),tensor(1)
tensor(57),tensor(21)
tensor(57),tensor(46)
tensor(57),tensor(54)
tensor(57),tensor(61)
tensor(57),tensor(63)
tensor(57),tensor(70)
tensor(57),tensor(71)
tensor(57),tensor(82)
tensor(57),tensor(88)
tensor(57),tensor(97)
tensor(57),tensor(125)
tensor(57),tensor(130)
tensor(57),tensor(165)
tensor(57),tensor(172)
tensor(57),tensor(180)
tensor(57),tensor(223)
tensor(57),tensor(226)
tensor(57),tensor(233)
tensor(57),tensor(236)
tensor(57),tensor(240)
tensor(57),tensor(250)
tensor(57),tensor(271)
tensor(57),tensor(279)
tensor(57),tensor(287)
tensor(57),tensor(299)
tensor(57),tensor(300)
tensor(57),tensor(301)
tensor(58),tensor(30)
tensor(58),tensor(33)
tensor(58),tensor(45)
tensor(58),tensor(56)
tensor(58),tensor(64)
tensor(58),tensor(70)
tensor(58),tensor(71)
tensor(58),tensor(92)
tensor(58),tensor(106)
tensor(58),tensor(118)
tensor(58),tensor(136)
tensor(58),tensor(140)
tensor(58),tensor(151)
tensor(58),tensor(153)
tensor(58),tensor(172)
tensor(58),tensor(186)
tensor(58),tensor(187)
tensor(58),tensor(197)
tensor(58),tensor(207)
tensor(58),tensor(210)
tensor(58),tensor(214)
tensor(58),tensor(216)
tensor(58),tensor(228)
tensor(58),tensor(237)
tensor(58),tensor(261)
tensor(58),tensor(262)
tensor(58),tensor(270)
tensor(58),tensor(287)
tensor(58),tensor(288)
tensor(58),tensor(292)
tensor(58),tensor(300)
tensor(59),tensor(33)
tensor(59),tensor(44)
tensor(59),tensor(53)
tensor(59),tensor(82)
tensor(59),tensor(84)
tensor(59),tensor(109)
tensor(59),tensor(110)
tensor(59),tensor(126)
tensor(59),tensor(151)
tensor(59),tensor(154)
tensor(59),tensor(161)
tensor(59),tensor(188)
tensor(59),tensor(191)
tensor(59),tensor(211)
tensor(59),tensor(231)
tensor(59),tensor(242)
tensor(59),tensor(267)
tensor(59),tensor(278)
tensor(59),tensor(298)
tensor(59),tensor(299)
tensor(59),tensor(300)
tensor(59),tensor(308)
tensor(60),tensor(10)
tensor(60),tensor(28)
tensor(60),tensor(31)
tensor(60),tensor(62)
tensor(60),tensor(67)
tensor(60),tensor(74)
tensor(60),tensor(81)
tensor(60),tensor(108)
tensor(60),tensor(126)
tensor(60),tensor(143)
tensor(60),tensor(166)
tensor(60),tensor(172)
tensor(60),tensor(180)
tensor(60),tensor(188)
tensor(60),tensor(198)
tensor(60),tensor(210)
tensor(60),tensor(221)
tensor(60),tensor(223)
tensor(60),tensor(263)
tensor(60),tensor(268)
tensor(60),tensor(276)
tensor(61),tensor(55)
tensor(61),tensor(56)
tensor(61),tensor(78)
tensor(61),tensor(108)
tensor(61),tensor(117)
tensor(61),tensor(125)
tensor(61),tensor(132)
tensor(61),tensor(140)
tensor(61),tensor(144)
tensor(61),tensor(147)
tensor(61),tensor(152)
tensor(61),tensor(155)
tensor(61),tensor(160)
tensor(61),tensor(174)
tensor(61),tensor(175)
tensor(61),tensor(176)
tensor(61),tensor(180)
tensor(61),tensor(183)
tensor(61),tensor(193)
tensor(61),tensor(240)
tensor(61),tensor(258)
tensor(61),tensor(259)
tensor(61),tensor(265)
tensor(61),tensor(266)
tensor(61),tensor(267)
tensor(61),tensor(269)
tensor(61),tensor(285)
tensor(61),tensor(289)
tensor(61),tensor(307)
tensor(62),tensor(18)
tensor(62),tensor(36)
tensor(62),tensor(43)
tensor(62),tensor(47)
tensor(62),tensor(67)
tensor(62),tensor(72)
tensor(62),tensor(79)
tensor(62),tensor(83)
tensor(62),tensor(88)
tensor(62),tensor(104)
tensor(62),tensor(153)
tensor(62),tensor(159)
tensor(62),tensor(167)
tensor(62),tensor(174)
tensor(62),tensor(179)
tensor(62),tensor(180)
tensor(62),tensor(192)
tensor(62),tensor(197)
tensor(62),tensor(213)
tensor(62),tensor(214)
tensor(62),tensor(223)
tensor(62),tensor(226)
tensor(62),tensor(227)
tensor(62),tensor(239)
tensor(62),tensor(245)
tensor(62),tensor(246)
tensor(62),tensor(263)
tensor(62),tensor(275)
tensor(62),tensor(301)
tensor(62),tensor(303)
tensor(62),tensor(304)
tensor(62),tensor(306)
tensor(62),tensor(312)
tensor(63),tensor(23)
tensor(63),tensor(32)
tensor(63),tensor(40)
tensor(63),tensor(46)
tensor(63),tensor(50)
tensor(63),tensor(69)
tensor(63),tensor(87)
tensor(63),tensor(92)
tensor(63),tensor(93)
tensor(63),tensor(105)
tensor(63),tensor(122)
tensor(63),tensor(125)
tensor(63),tensor(138)
tensor(63),tensor(144)
tensor(63),tensor(159)
tensor(63),tensor(172)
tensor(63),tensor(184)
tensor(63),tensor(185)
tensor(63),tensor(189)
tensor(63),tensor(191)
tensor(63),tensor(195)
tensor(63),tensor(197)
tensor(63),tensor(201)
tensor(63),tensor(204)
tensor(63),tensor(210)
tensor(63),tensor(212)
tensor(63),tensor(214)
tensor(63),tensor(244)
tensor(63),tensor(261)
tensor(63),tensor(270)
tensor(63),tensor(289)
tensor(63),tensor(306)
tensor(63),tensor(308)
tensor(64),tensor(0)
tensor(64),tensor(12)
tensor(64),tensor(34)
tensor(64),tensor(35)
tensor(64),tensor(51)
tensor(64),tensor(52)
tensor(64),tensor(54)
tensor(64),tensor(59)
tensor(64),tensor(61)
tensor(64),tensor(94)
tensor(64),tensor(97)
tensor(64),tensor(103)
tensor(64),tensor(104)
tensor(64),tensor(108)
tensor(64),tensor(140)
tensor(64),tensor(146)
tensor(64),tensor(148)
tensor(64),tensor(150)
tensor(64),tensor(175)
tensor(64),tensor(176)
tensor(64),tensor(177)
tensor(64),tensor(191)
tensor(64),tensor(192)
tensor(64),tensor(198)
tensor(64),tensor(220)
tensor(64),tensor(221)
tensor(64),tensor(224)
tensor(64),tensor(248)
tensor(64),tensor(267)
tensor(64),tensor(288)
tensor(64),tensor(295)
tensor(64),tensor(306)
tensor(64),tensor(312)
tensor(65),tensor(3)
tensor(65),tensor(18)
tensor(65),tensor(29)
tensor(65),tensor(74)
tensor(65),tensor(88)
tensor(65),tensor(102)
tensor(65),tensor(104)
tensor(65),tensor(113)
tensor(65),tensor(140)
tensor(65),tensor(146)
tensor(65),tensor(147)
tensor(65),tensor(148)
tensor(65),tensor(151)
tensor(65),tensor(153)
tensor(65),tensor(154)
tensor(65),tensor(170)
tensor(65),tensor(194)
tensor(65),tensor(199)
tensor(65),tensor(201)
tensor(65),tensor(203)
tensor(65),tensor(216)
tensor(65),tensor(224)
tensor(65),tensor(247)
tensor(65),tensor(250)
tensor(65),tensor(251)
tensor(65),tensor(261)
tensor(65),tensor(273)
tensor(66),tensor(20)
tensor(66),tensor(28)
tensor(66),tensor(34)
tensor(66),tensor(35)
tensor(66),tensor(40)
tensor(66),tensor(62)
tensor(66),tensor(69)
tensor(66),tensor(74)
tensor(66),tensor(120)
tensor(66),tensor(121)
tensor(66),tensor(122)
tensor(66),tensor(129)
tensor(66),tensor(130)
tensor(66),tensor(142)
tensor(66),tensor(144)
tensor(66),tensor(147)
tensor(66),tensor(149)
tensor(66),tensor(154)
tensor(66),tensor(156)
tensor(66),tensor(165)
tensor(66),tensor(178)
tensor(66),tensor(215)
tensor(66),tensor(218)
tensor(66),tensor(234)
tensor(66),tensor(239)
tensor(66),tensor(244)
tensor(66),tensor(249)
tensor(66),tensor(252)
tensor(66),tensor(257)
tensor(66),tensor(273)
tensor(66),tensor(281)
tensor(66),tensor(284)
tensor(66),tensor(297)
tensor(67),tensor(2)
tensor(67),tensor(7)
tensor(67),tensor(14)
tensor(67),tensor(19)
tensor(67),tensor(20)
tensor(67),tensor(28)
tensor(67),tensor(30)
tensor(67),tensor(48)
tensor(67),tensor(49)
tensor(67),tensor(50)
tensor(67),tensor(51)
tensor(67),tensor(64)
tensor(67),tensor(79)
tensor(67),tensor(80)
tensor(67),tensor(90)
tensor(67),tensor(99)
tensor(67),tensor(103)
tensor(67),tensor(116)
tensor(67),tensor(123)
tensor(67),tensor(126)
tensor(67),tensor(128)
tensor(67),tensor(136)
tensor(67),tensor(138)
tensor(67),tensor(155)
tensor(67),tensor(156)
tensor(67),tensor(159)
tensor(67),tensor(183)
tensor(67),tensor(192)
tensor(67),tensor(219)
tensor(67),tensor(224)
tensor(67),tensor(228)
tensor(67),tensor(242)
tensor(67),tensor(255)
tensor(67),tensor(264)
tensor(67),tensor(269)
tensor(67),tensor(270)
tensor(67),tensor(275)
tensor(67),tensor(277)
tensor(67),tensor(278)
tensor(67),tensor(289)
tensor(68),tensor(8)
tensor(68),tensor(11)
tensor(68),tensor(12)
tensor(68),tensor(31)
tensor(68),tensor(38)
tensor(68),tensor(49)
tensor(68),tensor(56)
tensor(68),tensor(98)
tensor(68),tensor(101)
tensor(68),tensor(124)
tensor(68),tensor(128)
tensor(68),tensor(129)
tensor(68),tensor(133)
tensor(68),tensor(138)
tensor(68),tensor(156)
tensor(68),tensor(159)
tensor(68),tensor(184)
tensor(68),tensor(187)
tensor(68),tensor(209)
tensor(68),tensor(218)
tensor(68),tensor(226)
tensor(68),tensor(246)
tensor(68),tensor(259)
tensor(68),tensor(262)
tensor(68),tensor(265)
tensor(68),tensor(267)
tensor(68),tensor(279)
tensor(68),tensor(286)
tensor(68),tensor(300)
tensor(68),tensor(303)
tensor(68),tensor(305)
tensor(69),tensor(2)
tensor(69),tensor(4)
tensor(69),tensor(8)
tensor(69),tensor(15)
tensor(69),tensor(24)
tensor(69),tensor(30)
tensor(69),tensor(43)
tensor(69),tensor(51)
tensor(69),tensor(52)
tensor(69),tensor(66)
tensor(69),tensor(80)
tensor(69),tensor(101)
tensor(69),tensor(113)
tensor(69),tensor(125)
tensor(69),tensor(139)
tensor(69),tensor(144)
tensor(69),tensor(147)
tensor(69),tensor(157)
tensor(69),tensor(165)
tensor(69),tensor(187)
tensor(69),tensor(191)
tensor(69),tensor(198)
tensor(69),tensor(208)
tensor(69),tensor(211)
tensor(69),tensor(213)
tensor(69),tensor(214)
tensor(69),tensor(283)
tensor(70),tensor(1)
tensor(70),tensor(42)
tensor(70),tensor(92)
tensor(70),tensor(97)
tensor(70),tensor(107)
tensor(70),tensor(116)
tensor(70),tensor(124)
tensor(70),tensor(126)
tensor(70),tensor(139)
tensor(70),tensor(140)
tensor(70),tensor(160)
tensor(70),tensor(167)
tensor(70),tensor(189)
tensor(70),tensor(195)
tensor(70),tensor(197)
tensor(70),tensor(202)
tensor(70),tensor(218)
tensor(70),tensor(237)
tensor(70),tensor(251)
tensor(70),tensor(260)
tensor(70),tensor(274)
tensor(70),tensor(286)
tensor(70),tensor(291)
tensor(71),tensor(4)
tensor(71),tensor(19)
tensor(71),tensor(23)
tensor(71),tensor(27)
tensor(71),tensor(31)
tensor(71),tensor(39)
tensor(71),tensor(45)
tensor(71),tensor(46)
tensor(71),tensor(47)
tensor(71),tensor(67)
tensor(71),tensor(75)
tensor(71),tensor(99)
tensor(71),tensor(100)
tensor(71),tensor(122)
tensor(71),tensor(124)
tensor(71),tensor(138)
tensor(71),tensor(149)
tensor(71),tensor(154)
tensor(71),tensor(163)
tensor(71),tensor(170)
tensor(71),tensor(179)
tensor(71),tensor(183)
tensor(71),tensor(185)
tensor(71),tensor(188)
tensor(71),tensor(198)
tensor(71),tensor(205)
tensor(71),tensor(215)
tensor(71),tensor(216)
tensor(71),tensor(221)
tensor(71),tensor(229)
tensor(71),tensor(230)
tensor(71),tensor(249)
tensor(71),tensor(255)
tensor(71),tensor(257)
tensor(71),tensor(261)
tensor(71),tensor(271)
tensor(72),tensor(15)
tensor(72),tensor(35)
tensor(72),tensor(39)
tensor(72),tensor(55)
tensor(72),tensor(64)
tensor(72),tensor(67)
tensor(72),tensor(75)
tensor(72),tensor(90)
tensor(72),tensor(103)
tensor(72),tensor(124)
tensor(72),tensor(127)
tensor(72),tensor(133)
tensor(72),tensor(135)
tensor(72),tensor(138)
tensor(72),tensor(143)
tensor(72),tensor(147)
tensor(72),tensor(148)
tensor(72),tensor(174)
tensor(72),tensor(179)
tensor(72),tensor(183)
tensor(72),tensor(231)
tensor(72),tensor(241)
tensor(72),tensor(246)
tensor(72),tensor(256)
tensor(72),tensor(257)
tensor(72),tensor(285)
tensor(72),tensor(300)
tensor(72),tensor(311)
tensor(72),tensor(312)
tensor(73),tensor(21)
tensor(73),tensor(22)
tensor(73),tensor(34)
tensor(73),tensor(45)
tensor(73),tensor(48)
tensor(73),tensor(52)
tensor(73),tensor(56)
tensor(73),tensor(62)
tensor(73),tensor(65)
tensor(73),tensor(66)
tensor(73),tensor(69)
tensor(73),tensor(77)
tensor(73),tensor(113)
tensor(73),tensor(119)
tensor(73),tensor(145)
tensor(73),tensor(148)
tensor(73),tensor(154)
tensor(73),tensor(161)
tensor(73),tensor(164)
tensor(73),tensor(170)
tensor(73),tensor(187)
tensor(73),tensor(211)
tensor(73),tensor(213)
tensor(73),tensor(238)
tensor(73),tensor(251)
tensor(73),tensor(256)
tensor(73),tensor(267)
tensor(73),tensor(279)
tensor(73),tensor(287)
tensor(73),tensor(289)
tensor(73),tensor(290)
tensor(73),tensor(291)
tensor(73),tensor(295)
tensor(73),tensor(307)
tensor(74),tensor(16)
tensor(74),tensor(17)
tensor(74),tensor(68)
tensor(74),tensor(79)
tensor(74),tensor(80)
tensor(74),tensor(89)
tensor(74),tensor(90)
tensor(74),tensor(96)
tensor(74),tensor(107)
tensor(74),tensor(125)
tensor(74),tensor(132)
tensor(74),tensor(137)
tensor(74),tensor(146)
tensor(74),tensor(151)
tensor(74),tensor(154)
tensor(74),tensor(160)
tensor(74),tensor(161)
tensor(74),tensor(164)
tensor(74),tensor(171)
tensor(74),tensor(189)
tensor(74),tensor(193)
tensor(74),tensor(198)
tensor(74),tensor(208)
tensor(74),tensor(209)
tensor(74),tensor(216)
tensor(74),tensor(224)
tensor(74),tensor(231)
tensor(74),tensor(241)
tensor(74),tensor(245)
tensor(74),tensor(246)
tensor(74),tensor(261)
tensor(74),tensor(262)
tensor(74),tensor(274)
tensor(74),tensor(292)
tensor(74),tensor(310)
tensor(74),tensor(311)
tensor(75),tensor(5)
tensor(75),tensor(14)
tensor(75),tensor(21)
tensor(75),tensor(31)
tensor(75),tensor(47)
tensor(75),tensor(52)
tensor(75),tensor(67)
tensor(75),tensor(97)
tensor(75),tensor(99)
tensor(75),tensor(114)
tensor(75),tensor(119)
tensor(75),tensor(127)
tensor(75),tensor(129)
tensor(75),tensor(146)
tensor(75),tensor(147)
tensor(75),tensor(157)
tensor(75),tensor(167)
tensor(75),tensor(171)
tensor(75),tensor(176)
tensor(75),tensor(179)
tensor(75),tensor(212)
tensor(75),tensor(213)
tensor(75),tensor(217)
tensor(75),tensor(218)
tensor(75),tensor(221)
tensor(75),tensor(228)
tensor(75),tensor(237)
tensor(75),tensor(246)
tensor(75),tensor(266)
tensor(75),tensor(286)
tensor(75),tensor(296)
tensor(75),tensor(310)
tensor(75),tensor(312)
tensor(76),tensor(0)
tensor(76),tensor(35)
tensor(76),tensor(36)
tensor(76),tensor(46)
tensor(76),tensor(50)
tensor(76),tensor(72)
tensor(76),tensor(75)
tensor(76),tensor(84)
tensor(76),tensor(99)
tensor(76),tensor(106)
tensor(76),tensor(122)
tensor(76),tensor(133)
tensor(76),tensor(173)
tensor(76),tensor(196)
tensor(76),tensor(210)
tensor(76),tensor(230)
tensor(76),tensor(232)
tensor(76),tensor(237)
tensor(76),tensor(243)
tensor(76),tensor(261)
tensor(76),tensor(265)
tensor(76),tensor(269)
tensor(76),tensor(271)
tensor(76),tensor(274)
tensor(76),tensor(275)
tensor(76),tensor(280)
tensor(76),tensor(283)
tensor(76),tensor(284)
tensor(76),tensor(298)
tensor(76),tensor(312)
tensor(77),tensor(2)
tensor(77),tensor(14)
tensor(77),tensor(27)
tensor(77),tensor(36)
tensor(77),tensor(46)
tensor(77),tensor(61)
tensor(77),tensor(63)
tensor(77),tensor(71)
tensor(77),tensor(89)
tensor(77),tensor(91)
tensor(77),tensor(128)
tensor(77),tensor(133)
tensor(77),tensor(145)
tensor(77),tensor(150)
tensor(77),tensor(152)
tensor(77),tensor(159)
tensor(77),tensor(163)
tensor(77),tensor(184)
tensor(77),tensor(186)
tensor(77),tensor(190)
tensor(77),tensor(208)
tensor(77),tensor(213)
tensor(77),tensor(214)
tensor(77),tensor(220)
tensor(77),tensor(230)
tensor(77),tensor(233)
tensor(77),tensor(250)
tensor(77),tensor(257)
tensor(77),tensor(263)
tensor(77),tensor(288)
tensor(77),tensor(291)
tensor(77),tensor(295)
tensor(77),tensor(309)
tensor(77),tensor(310)
tensor(78),tensor(7)
tensor(78),tensor(40)
tensor(78),tensor(53)
tensor(78),tensor(62)
tensor(78),tensor(79)
tensor(78),tensor(105)
tensor(78),tensor(115)
tensor(78),tensor(130)
tensor(78),tensor(131)
tensor(78),tensor(133)
tensor(78),tensor(141)
tensor(78),tensor(144)
tensor(78),tensor(150)
tensor(78),tensor(172)
tensor(78),tensor(183)
tensor(78),tensor(185)
tensor(78),tensor(192)
tensor(78),tensor(206)
tensor(78),tensor(209)
tensor(78),tensor(217)
tensor(78),tensor(241)
tensor(78),tensor(244)
tensor(78),tensor(245)
tensor(78),tensor(252)
tensor(78),tensor(269)
tensor(79),tensor(6)
tensor(79),tensor(9)
tensor(79),tensor(11)
tensor(79),tensor(14)
tensor(79),tensor(37)
tensor(79),tensor(42)
tensor(79),tensor(50)
tensor(79),tensor(51)
tensor(79),tensor(70)
tensor(79),tensor(87)
tensor(79),tensor(100)
tensor(79),tensor(103)
tensor(79),tensor(105)
tensor(79),tensor(108)
tensor(79),tensor(117)
tensor(79),tensor(136)
tensor(79),tensor(160)
tensor(79),tensor(166)
tensor(79),tensor(183)
tensor(79),tensor(194)
tensor(79),tensor(201)
tensor(79),tensor(225)
tensor(79),tensor(233)
tensor(79),tensor(236)
tensor(79),tensor(249)
tensor(79),tensor(250)
tensor(79),tensor(257)
tensor(79),tensor(268)
tensor(79),tensor(281)
tensor(79),tensor(284)
tensor(79),tensor(303)
tensor(79),tensor(306)
tensor(80),tensor(18)
tensor(80),tensor(26)
tensor(80),tensor(40)
tensor(80),tensor(55)
tensor(80),tensor(57)
tensor(80),tensor(63)
tensor(80),tensor(64)
tensor(80),tensor(66)
tensor(80),tensor(71)
tensor(80),tensor(74)
tensor(80),tensor(89)
tensor(80),tensor(97)
tensor(80),tensor(119)
tensor(80),tensor(124)
tensor(80),tensor(126)
tensor(80),tensor(158)
tensor(80),tensor(161)
tensor(80),tensor(168)
tensor(80),tensor(172)
tensor(80),tensor(184)
tensor(80),tensor(188)
tensor(80),tensor(194)
tensor(80),tensor(215)
tensor(80),tensor(224)
tensor(80),tensor(228)
tensor(80),tensor(230)
tensor(80),tensor(236)
tensor(80),tensor(249)
tensor(80),tensor(257)
tensor(80),tensor(272)
tensor(80),tensor(283)
tensor(81),tensor(2)
tensor(81),tensor(8)
tensor(81),tensor(18)
tensor(81),tensor(23)
tensor(81),tensor(28)
tensor(81),tensor(32)
tensor(81),tensor(33)
tensor(81),tensor(43)
tensor(81),tensor(58)
tensor(81),tensor(69)
tensor(81),tensor(99)
tensor(81),tensor(104)
tensor(81),tensor(119)
tensor(81),tensor(125)
tensor(81),tensor(126)
tensor(81),tensor(132)
tensor(81),tensor(135)
tensor(81),tensor(193)
tensor(81),tensor(195)
tensor(81),tensor(199)
tensor(81),tensor(200)
tensor(81),tensor(204)
tensor(81),tensor(209)
tensor(81),tensor(217)
tensor(81),tensor(219)
tensor(81),tensor(256)
tensor(81),tensor(258)
tensor(81),tensor(289)
tensor(81),tensor(312)
tensor(82),tensor(5)
tensor(82),tensor(6)
tensor(82),tensor(7)
tensor(82),tensor(17)
tensor(82),tensor(37)
tensor(82),tensor(41)
tensor(82),tensor(46)
tensor(82),tensor(76)
tensor(82),tensor(96)
tensor(82),tensor(102)
tensor(82),tensor(119)
tensor(82),tensor(168)
tensor(82),tensor(170)
tensor(82),tensor(179)
tensor(82),tensor(199)
tensor(82),tensor(204)
tensor(82),tensor(211)
tensor(82),tensor(212)
tensor(82),tensor(236)
tensor(82),tensor(244)
tensor(82),tensor(255)
tensor(82),tensor(270)
tensor(82),tensor(271)
tensor(82),tensor(272)
tensor(82),tensor(287)
tensor(82),tensor(302)
tensor(82),tensor(307)
tensor(82),tensor(309)
tensor(83),tensor(3)
tensor(83),tensor(6)
tensor(83),tensor(17)
tensor(83),tensor(27)
tensor(83),tensor(41)
tensor(83),tensor(42)
tensor(83),tensor(54)
tensor(83),tensor(71)
tensor(83),tensor(72)
tensor(83),tensor(85)
tensor(83),tensor(99)
tensor(83),tensor(101)
tensor(83),tensor(135)
tensor(83),tensor(137)
tensor(83),tensor(150)
tensor(83),tensor(151)
tensor(83),tensor(187)
tensor(83),tensor(200)
tensor(83),tensor(209)
tensor(83),tensor(234)
tensor(83),tensor(258)
tensor(83),tensor(268)
tensor(83),tensor(271)
tensor(83),tensor(274)
tensor(83),tensor(282)
tensor(83),tensor(287)
tensor(83),tensor(291)
tensor(83),tensor(306)
tensor(84),tensor(5)
tensor(84),tensor(19)
tensor(84),tensor(21)
tensor(84),tensor(34)
tensor(84),tensor(38)
tensor(84),tensor(41)
tensor(84),tensor(54)
tensor(84),tensor(59)
tensor(84),tensor(67)
tensor(84),tensor(76)
tensor(84),tensor(122)
tensor(84),tensor(133)
tensor(84),tensor(138)
tensor(84),tensor(154)
tensor(84),tensor(159)
tensor(84),tensor(173)
tensor(84),tensor(178)
tensor(84),tensor(179)
tensor(84),tensor(181)
tensor(84),tensor(189)
tensor(84),tensor(206)
tensor(84),tensor(208)
tensor(84),tensor(217)
tensor(84),tensor(222)
tensor(84),tensor(230)
tensor(84),tensor(233)
tensor(84),tensor(235)
tensor(84),tensor(239)
tensor(84),tensor(246)
tensor(84),tensor(249)
tensor(84),tensor(254)
tensor(84),tensor(264)
tensor(84),tensor(270)
tensor(85),tensor(4)
tensor(85),tensor(9)
tensor(85),tensor(24)
tensor(85),tensor(31)
tensor(85),tensor(35)
tensor(85),tensor(48)
tensor(85),tensor(58)
tensor(85),tensor(64)
tensor(85),tensor(74)
tensor(85),tensor(76)
tensor(85),tensor(83)
tensor(85),tensor(84)
tensor(85),tensor(99)
tensor(85),tensor(100)
tensor(85),tensor(102)
tensor(85),tensor(107)
tensor(85),tensor(120)
tensor(85),tensor(153)
tensor(85),tensor(154)
tensor(85),tensor(160)
tensor(85),tensor(177)
tensor(85),tensor(183)
tensor(85),tensor(213)
tensor(85),tensor(216)
tensor(85),tensor(219)
tensor(85),tensor(220)
tensor(85),tensor(226)
tensor(85),tensor(233)
tensor(85),tensor(250)
tensor(85),tensor(255)
tensor(85),tensor(266)
tensor(85),tensor(268)
tensor(85),tensor(270)
tensor(85),tensor(272)
tensor(85),tensor(281)
tensor(85),tensor(282)
tensor(85),tensor(286)
tensor(85),tensor(292)
tensor(85),tensor(296)
tensor(85),tensor(301)
tensor(85),tensor(312)
tensor(86),tensor(3)
tensor(86),tensor(8)
tensor(86),tensor(59)
tensor(86),tensor(71)
tensor(86),tensor(73)
tensor(86),tensor(82)
tensor(86),tensor(83)
tensor(86),tensor(84)
tensor(86),tensor(90)
tensor(86),tensor(94)
tensor(86),tensor(95)
tensor(86),tensor(105)
tensor(86),tensor(123)
tensor(86),tensor(134)
tensor(86),tensor(150)
tensor(86),tensor(151)
tensor(86),tensor(174)
tensor(86),tensor(176)
tensor(86),tensor(179)
tensor(86),tensor(182)
tensor(86),tensor(204)
tensor(86),tensor(213)
tensor(86),tensor(214)
tensor(86),tensor(215)
tensor(86),tensor(223)
tensor(86),tensor(232)
tensor(86),tensor(239)
tensor(86),tensor(256)
tensor(86),tensor(258)
tensor(86),tensor(262)
tensor(86),tensor(266)
tensor(86),tensor(269)
tensor(86),tensor(278)
tensor(86),tensor(308)
tensor(86),tensor(312)
tensor(87),tensor(8)
tensor(87),tensor(11)
tensor(87),tensor(12)
tensor(87),tensor(24)
tensor(87),tensor(27)
tensor(87),tensor(41)
tensor(87),tensor(59)
tensor(87),tensor(61)
tensor(87),tensor(64)
tensor(87),tensor(73)
tensor(87),tensor(78)
tensor(87),tensor(92)
tensor(87),tensor(99)
tensor(87),tensor(107)
tensor(87),tensor(115)
tensor(87),tensor(136)
tensor(87),tensor(138)
tensor(87),tensor(152)
tensor(87),tensor(166)
tensor(87),tensor(168)
tensor(87),tensor(175)
tensor(87),tensor(183)
tensor(87),tensor(185)
tensor(87),tensor(188)
tensor(87),tensor(191)
tensor(87),tensor(205)
tensor(87),tensor(216)
tensor(87),tensor(220)
tensor(87),tensor(223)
tensor(87),tensor(229)
tensor(87),tensor(234)
tensor(87),tensor(245)
tensor(87),tensor(270)
tensor(87),tensor(272)
tensor(87),tensor(287)
tensor(87),tensor(299)
tensor(87),tensor(303)
tensor(87),tensor(305)
tensor(87),tensor(307)
tensor(88),tensor(14)
tensor(88),tensor(15)
tensor(88),tensor(17)
tensor(88),tensor(36)
tensor(88),tensor(42)
tensor(88),tensor(45)
tensor(88),tensor(49)
tensor(88),tensor(53)
tensor(88),tensor(69)
tensor(88),tensor(91)
tensor(88),tensor(96)
tensor(88),tensor(97)
tensor(88),tensor(104)
tensor(88),tensor(105)
tensor(88),tensor(108)
tensor(88),tensor(114)
tensor(88),tensor(115)
tensor(88),tensor(123)
tensor(88),tensor(126)
tensor(88),tensor(131)
tensor(88),tensor(141)
tensor(88),tensor(161)
tensor(88),tensor(163)
tensor(88),tensor(169)
tensor(88),tensor(174)
tensor(88),tensor(199)
tensor(88),tensor(207)
tensor(88),tensor(221)
tensor(88),tensor(230)
tensor(88),tensor(234)
tensor(88),tensor(237)
tensor(88),tensor(239)
tensor(88),tensor(250)
tensor(88),tensor(251)
tensor(88),tensor(271)
tensor(88),tensor(278)
tensor(88),tensor(286)
tensor(88),tensor(295)
tensor(88),tensor(297)
tensor(88),tensor(303)
tensor(88),tensor(307)
tensor(88),tensor(312)
tensor(89),tensor(0)
tensor(89),tensor(27)
tensor(89),tensor(28)
tensor(89),tensor(30)
tensor(89),tensor(58)
tensor(89),tensor(64)
tensor(89),tensor(74)
tensor(89),tensor(99)
tensor(89),tensor(101)
tensor(89),tensor(103)
tensor(89),tensor(115)
tensor(89),tensor(147)
tensor(89),tensor(172)
tensor(89),tensor(179)
tensor(89),tensor(188)
tensor(89),tensor(194)
tensor(89),tensor(202)
tensor(89),tensor(223)
tensor(89),tensor(226)
tensor(89),tensor(228)
tensor(89),tensor(236)
tensor(89),tensor(267)
tensor(89),tensor(271)
tensor(89),tensor(280)
tensor(89),tensor(299)
tensor(89),tensor(304)
tensor(89),tensor(305)
tensor(90),tensor(7)
tensor(90),tensor(22)
tensor(90),tensor(23)
tensor(90),tensor(27)
tensor(90),tensor(37)
tensor(90),tensor(45)
tensor(90),tensor(55)
tensor(90),tensor(63)
tensor(90),tensor(74)
tensor(90),tensor(79)
tensor(90),tensor(95)
tensor(90),tensor(97)
tensor(90),tensor(103)
tensor(90),tensor(106)
tensor(90),tensor(123)
tensor(90),tensor(126)
tensor(90),tensor(128)
tensor(90),tensor(130)
tensor(90),tensor(139)
tensor(90),tensor(151)
tensor(90),tensor(156)
tensor(90),tensor(163)
tensor(90),tensor(167)
tensor(90),tensor(170)
tensor(90),tensor(193)
tensor(90),tensor(195)
tensor(90),tensor(196)
tensor(90),tensor(198)
tensor(90),tensor(214)
tensor(90),tensor(215)
tensor(90),tensor(236)
tensor(90),tensor(251)
tensor(90),tensor(254)
tensor(90),tensor(257)
tensor(90),tensor(263)
tensor(90),tensor(268)
tensor(90),tensor(273)
tensor(90),tensor(277)
tensor(90),tensor(297)
tensor(90),tensor(310)
tensor(91),tensor(25)
tensor(91),tensor(40)
tensor(91),tensor(44)
tensor(91),tensor(46)
tensor(91),tensor(49)
tensor(91),tensor(56)
tensor(91),tensor(79)
tensor(91),tensor(95)
tensor(91),tensor(110)
tensor(91),tensor(133)
tensor(91),tensor(135)
tensor(91),tensor(156)
tensor(91),tensor(166)
tensor(91),tensor(170)
tensor(91),tensor(216)
tensor(91),tensor(219)
tensor(91),tensor(222)
tensor(91),tensor(237)
tensor(91),tensor(257)
tensor(91),tensor(260)
tensor(91),tensor(269)
tensor(91),tensor(275)
tensor(91),tensor(279)
tensor(91),tensor(280)
tensor(91),tensor(287)
tensor(91),tensor(290)
tensor(91),tensor(291)
tensor(91),tensor(305)
tensor(91),tensor(307)
tensor(91),tensor(308)
tensor(91),tensor(311)
tensor(91),tensor(312)
tensor(92),tensor(13)
tensor(92),tensor(17)
tensor(92),tensor(76)
tensor(92),tensor(83)
tensor(92),tensor(105)
tensor(92),tensor(106)
tensor(92),tensor(107)
tensor(92),tensor(109)
tensor(92),tensor(110)
tensor(92),tensor(112)
tensor(92),tensor(128)
tensor(92),tensor(143)
tensor(92),tensor(171)
tensor(92),tensor(179)
tensor(92),tensor(183)
tensor(92),tensor(233)
tensor(92),tensor(237)
tensor(92),tensor(240)
tensor(92),tensor(246)
tensor(92),tensor(261)
tensor(92),tensor(264)
tensor(92),tensor(274)
tensor(92),tensor(286)
tensor(92),tensor(292)
tensor(92),tensor(296)
tensor(92),tensor(306)
tensor(92),tensor(307)
tensor(93),tensor(2)
tensor(93),tensor(8)
tensor(93),tensor(31)
tensor(93),tensor(37)
tensor(93),tensor(43)
tensor(93),tensor(58)
tensor(93),tensor(78)
tensor(93),tensor(86)
tensor(93),tensor(93)
tensor(93),tensor(95)
tensor(93),tensor(109)
tensor(93),tensor(112)
tensor(93),tensor(122)
tensor(93),tensor(148)
tensor(93),tensor(159)
tensor(93),tensor(162)
tensor(93),tensor(168)
tensor(93),tensor(177)
tensor(93),tensor(180)
tensor(93),tensor(185)
tensor(93),tensor(197)
tensor(93),tensor(198)
tensor(93),tensor(202)
tensor(93),tensor(220)
tensor(93),tensor(240)
tensor(93),tensor(243)
tensor(93),tensor(280)
tensor(93),tensor(284)
tensor(93),tensor(287)
tensor(93),tensor(290)
tensor(94),tensor(0)
tensor(94),tensor(4)
tensor(94),tensor(8)
tensor(94),tensor(11)
tensor(94),tensor(12)
tensor(94),tensor(29)
tensor(94),tensor(48)
tensor(94),tensor(60)
tensor(94),tensor(76)
tensor(94),tensor(83)
tensor(94),tensor(85)
tensor(94),tensor(90)
tensor(94),tensor(114)
tensor(94),tensor(139)
tensor(94),tensor(147)
tensor(94),tensor(167)
tensor(94),tensor(188)
tensor(94),tensor(194)
tensor(94),tensor(197)
tensor(94),tensor(199)
tensor(94),tensor(224)
tensor(94),tensor(235)
tensor(94),tensor(240)
tensor(94),tensor(245)
tensor(94),tensor(258)
tensor(94),tensor(274)
tensor(94),tensor(281)
tensor(94),tensor(286)
tensor(94),tensor(287)
tensor(94),tensor(288)
tensor(94),tensor(298)
tensor(94),tensor(299)
tensor(94),tensor(308)
tensor(94),tensor(309)
tensor(95),tensor(11)
tensor(95),tensor(21)
tensor(95),tensor(33)
tensor(95),tensor(42)
tensor(95),tensor(47)
tensor(95),tensor(60)
tensor(95),tensor(65)
tensor(95),tensor(85)
tensor(95),tensor(94)
tensor(95),tensor(110)
tensor(95),tensor(114)
tensor(95),tensor(117)
tensor(95),tensor(152)
tensor(95),tensor(155)
tensor(95),tensor(158)
tensor(95),tensor(164)
tensor(95),tensor(174)
tensor(95),tensor(199)
tensor(95),tensor(203)
tensor(95),tensor(213)
tensor(95),tensor(219)
tensor(95),tensor(223)
tensor(95),tensor(226)
tensor(95),tensor(228)
tensor(95),tensor(242)
tensor(95),tensor(253)
tensor(95),tensor(257)
tensor(95),tensor(273)
tensor(95),tensor(281)
tensor(95),tensor(289)
tensor(95),tensor(294)
tensor(95),tensor(300)
tensor(95),tensor(303)
tensor(96),tensor(0)
tensor(96),tensor(2)
tensor(96),tensor(5)
tensor(96),tensor(41)
tensor(96),tensor(75)
tensor(96),tensor(106)
tensor(96),tensor(123)
tensor(96),tensor(129)
tensor(96),tensor(130)
tensor(96),tensor(131)
tensor(96),tensor(151)
tensor(96),tensor(162)
tensor(96),tensor(191)
tensor(96),tensor(196)
tensor(96),tensor(201)
tensor(96),tensor(202)
tensor(96),tensor(213)
tensor(96),tensor(222)
tensor(96),tensor(224)
tensor(96),tensor(227)
tensor(96),tensor(235)
tensor(96),tensor(240)
tensor(96),tensor(247)
tensor(96),tensor(262)
tensor(96),tensor(279)
tensor(96),tensor(282)
tensor(97),tensor(1)
tensor(97),tensor(2)
tensor(97),tensor(6)
tensor(97),tensor(16)
tensor(97),tensor(18)
tensor(97),tensor(25)
tensor(97),tensor(32)
tensor(97),tensor(36)
tensor(97),tensor(43)
tensor(97),tensor(46)
tensor(97),tensor(48)
tensor(97),tensor(61)
tensor(97),tensor(72)
tensor(97),tensor(93)
tensor(97),tensor(104)
tensor(97),tensor(107)
tensor(97),tensor(117)
tensor(97),tensor(133)
tensor(97),tensor(142)
tensor(97),tensor(159)
tensor(97),tensor(161)
tensor(97),tensor(171)
tensor(97),tensor(174)
tensor(97),tensor(183)
tensor(97),tensor(184)
tensor(97),tensor(188)
tensor(97),tensor(215)
tensor(97),tensor(224)
tensor(97),tensor(230)
tensor(97),tensor(247)
tensor(97),tensor(273)
tensor(97),tensor(278)
tensor(97),tensor(283)
tensor(97),tensor(304)
tensor(98),tensor(8)
tensor(98),tensor(13)
tensor(98),tensor(20)
tensor(98),tensor(24)
tensor(98),tensor(42)
tensor(98),tensor(52)
tensor(98),tensor(66)
tensor(98),tensor(74)
tensor(98),tensor(99)
tensor(98),tensor(108)
tensor(98),tensor(123)
tensor(98),tensor(129)
tensor(98),tensor(130)
tensor(98),tensor(143)
tensor(98),tensor(144)
tensor(98),tensor(154)
tensor(98),tensor(156)
tensor(98),tensor(164)
tensor(98),tensor(183)
tensor(98),tensor(189)
tensor(98),tensor(194)
tensor(98),tensor(195)
tensor(98),tensor(207)
tensor(98),tensor(212)
tensor(98),tensor(228)
tensor(98),tensor(246)
tensor(98),tensor(247)
tensor(98),tensor(264)
tensor(98),tensor(266)
tensor(98),tensor(268)
tensor(98),tensor(276)
tensor(98),tensor(294)
tensor(99),tensor(4)
tensor(99),tensor(12)
tensor(99),tensor(46)
tensor(99),tensor(47)
tensor(99),tensor(49)
tensor(99),tensor(56)
tensor(99),tensor(64)
tensor(99),tensor(65)
tensor(99),tensor(74)
tensor(99),tensor(82)
tensor(99),tensor(84)
tensor(99),tensor(101)
tensor(99),tensor(127)
tensor(99),tensor(138)
tensor(99),tensor(167)
tensor(99),tensor(212)
tensor(99),tensor(220)
tensor(99),tensor(227)
tensor(99),tensor(233)
tensor(99),tensor(238)
tensor(99),tensor(239)
tensor(99),tensor(247)
tensor(99),tensor(253)
tensor(99),tensor(254)
tensor(99),tensor(287)
tensor(99),tensor(310)
tensor(100),tensor(11)
tensor(100),tensor(12)
tensor(100),tensor(19)
tensor(100),tensor(34)
tensor(100),tensor(49)
tensor(100),tensor(58)
tensor(100),tensor(60)
tensor(100),tensor(95)
tensor(100),tensor(96)
tensor(100),tensor(97)
tensor(100),tensor(104)
tensor(100),tensor(110)
tensor(100),tensor(118)
tensor(100),tensor(123)
tensor(100),tensor(132)
tensor(100),tensor(135)
tensor(100),tensor(139)
tensor(100),tensor(148)
tensor(100),tensor(156)
tensor(100),tensor(158)
tensor(100),tensor(172)
tensor(100),tensor(182)
tensor(100),tensor(197)
tensor(100),tensor(208)
tensor(100),tensor(227)
tensor(100),tensor(231)
tensor(100),tensor(238)
tensor(100),tensor(240)
tensor(100),tensor(251)
tensor(100),tensor(259)
tensor(100),tensor(263)
tensor(100),tensor(273)
tensor(100),tensor(274)
tensor(100),tensor(281)
tensor(100),tensor(298)
tensor(100),tensor(309)
tensor(100),tensor(312)
tensor(101),tensor(10)
tensor(101),tensor(28)
tensor(101),tensor(31)
tensor(101),tensor(43)
tensor(101),tensor(54)
tensor(101),tensor(64)
tensor(101),tensor(75)
tensor(101),tensor(106)
tensor(101),tensor(114)
tensor(101),tensor(115)
tensor(101),tensor(117)
tensor(101),tensor(133)
tensor(101),tensor(135)
tensor(101),tensor(139)
tensor(101),tensor(140)
tensor(101),tensor(145)
tensor(101),tensor(157)
tensor(101),tensor(171)
tensor(101),tensor(177)
tensor(101),tensor(183)
tensor(101),tensor(206)
tensor(101),tensor(209)
tensor(101),tensor(245)
tensor(101),tensor(247)
tensor(101),tensor(271)
tensor(101),tensor(283)
tensor(101),tensor(292)
tensor(101),tensor(301)
tensor(102),tensor(6)
tensor(102),tensor(10)
tensor(102),tensor(29)
tensor(102),tensor(43)
tensor(102),tensor(47)
tensor(102),tensor(53)
tensor(102),tensor(79)
tensor(102),tensor(86)
tensor(102),tensor(87)
tensor(102),tensor(103)
tensor(102),tensor(110)
tensor(102),tensor(116)
tensor(102),tensor(119)
tensor(102),tensor(130)
tensor(102),tensor(146)
tensor(102),tensor(153)
tensor(102),tensor(155)
tensor(102),tensor(157)
tensor(102),tensor(161)
tensor(102),tensor(165)
tensor(102),tensor(190)
tensor(102),tensor(194)
tensor(102),tensor(212)
tensor(102),tensor(232)
tensor(102),tensor(259)
tensor(102),tensor(261)
tensor(102),tensor(267)
tensor(102),tensor(284)
tensor(102),tensor(285)
tensor(102),tensor(288)
tensor(102),tensor(290)
tensor(102),tensor(291)
tensor(102),tensor(307)
tensor(102),tensor(311)
tensor(102),tensor(312)
tensor(103),tensor(19)
tensor(103),tensor(45)
tensor(103),tensor(55)
tensor(103),tensor(80)
tensor(103),tensor(85)
tensor(103),tensor(86)
tensor(103),tensor(92)
tensor(103),tensor(94)
tensor(103),tensor(105)
tensor(103),tensor(113)
tensor(103),tensor(115)
tensor(103),tensor(119)
tensor(103),tensor(144)
tensor(103),tensor(146)
tensor(103),tensor(160)
tensor(103),tensor(161)
tensor(103),tensor(181)
tensor(103),tensor(201)
tensor(103),tensor(216)
tensor(103),tensor(223)
tensor(103),tensor(233)
tensor(103),tensor(240)
tensor(103),tensor(246)
tensor(103),tensor(250)
tensor(103),tensor(255)
tensor(103),tensor(265)
tensor(103),tensor(267)
tensor(103),tensor(285)
tensor(103),tensor(291)
tensor(104),tensor(22)
tensor(104),tensor(24)
tensor(104),tensor(31)
tensor(104),tensor(35)
tensor(104),tensor(39)
tensor(104),tensor(49)
tensor(104),tensor(50)
tensor(104),tensor(71)
tensor(104),tensor(73)
tensor(104),tensor(77)
tensor(104),tensor(81)
tensor(104),tensor(85)
tensor(104),tensor(87)
tensor(104),tensor(91)
tensor(104),tensor(100)
tensor(104),tensor(113)
tensor(104),tensor(123)
tensor(104),tensor(134)
tensor(104),tensor(149)
tensor(104),tensor(152)
tensor(104),tensor(160)
tensor(104),tensor(169)
tensor(104),tensor(173)
tensor(104),tensor(190)
tensor(104),tensor(198)
tensor(104),tensor(205)
tensor(104),tensor(231)
tensor(104),tensor(232)
tensor(104),tensor(243)
tensor(104),tensor(254)
tensor(104),tensor(262)
tensor(104),tensor(266)
tensor(104),tensor(272)
tensor(104),tensor(277)
tensor(104),tensor(283)
tensor(104),tensor(288)
tensor(104),tensor(289)
tensor(104),tensor(292)
tensor(104),tensor(295)
tensor(104),tensor(301)
tensor(104),tensor(305)
tensor(105),tensor(25)
tensor(105),tensor(36)
tensor(105),tensor(39)
tensor(105),tensor(50)
tensor(105),tensor(54)
tensor(105),tensor(65)
tensor(105),tensor(86)
tensor(105),tensor(89)
tensor(105),tensor(98)
tensor(105),tensor(102)
tensor(105),tensor(109)
tensor(105),tensor(124)
tensor(105),tensor(127)
tensor(105),tensor(140)
tensor(105),tensor(159)
tensor(105),tensor(187)
tensor(105),tensor(188)
tensor(105),tensor(190)
tensor(105),tensor(198)
tensor(105),tensor(221)
tensor(105),tensor(226)
tensor(105),tensor(228)
tensor(105),tensor(242)
tensor(105),tensor(264)
tensor(105),tensor(273)
tensor(105),tensor(309)
tensor(106),tensor(4)
tensor(106),tensor(14)
tensor(106),tensor(37)
tensor(106),tensor(71)
tensor(106),tensor(76)
tensor(106),tensor(77)
tensor(106),tensor(112)
tensor(106),tensor(123)
tensor(106),tensor(124)
tensor(106),tensor(127)
tensor(106),tensor(131)
tensor(106),tensor(144)
tensor(106),tensor(150)
tensor(106),tensor(165)
tensor(106),tensor(168)
tensor(106),tensor(174)
tensor(106),tensor(177)
tensor(106),tensor(216)
tensor(106),tensor(217)
tensor(106),tensor(229)
tensor(106),tensor(249)
tensor(106),tensor(251)
tensor(106),tensor(255)
tensor(106),tensor(268)
tensor(106),tensor(277)
tensor(106),tensor(287)
tensor(106),tensor(289)
tensor(106),tensor(292)
tensor(106),tensor(301)
tensor(106),tensor(308)
tensor(106),tensor(309)
tensor(106),tensor(310)
tensor(106),tensor(311)
tensor(107),tensor(1)
tensor(107),tensor(7)
tensor(107),tensor(12)
tensor(107),tensor(18)
tensor(107),tensor(22)
tensor(107),tensor(27)
tensor(107),tensor(50)
tensor(107),tensor(53)
tensor(107),tensor(56)
tensor(107),tensor(65)
tensor(107),tensor(69)
tensor(107),tensor(87)
tensor(107),tensor(96)
tensor(107),tensor(98)
tensor(107),tensor(99)
tensor(107),tensor(116)
tensor(107),tensor(120)
tensor(107),tensor(139)
tensor(107),tensor(146)
tensor(107),tensor(177)
tensor(107),tensor(179)
tensor(107),tensor(184)
tensor(107),tensor(189)
tensor(107),tensor(192)
tensor(107),tensor(200)
tensor(107),tensor(206)
tensor(107),tensor(217)
tensor(107),tensor(228)
tensor(107),tensor(231)
tensor(107),tensor(243)
tensor(107),tensor(250)
tensor(107),tensor(259)
tensor(107),tensor(268)
tensor(107),tensor(294)
tensor(107),tensor(299)
tensor(107),tensor(303)
tensor(107),tensor(309)
tensor(108),tensor(9)
tensor(108),tensor(12)
tensor(108),tensor(14)
tensor(108),tensor(23)
tensor(108),tensor(44)
tensor(108),tensor(76)
tensor(108),tensor(102)
tensor(108),tensor(105)
tensor(108),tensor(112)
tensor(108),tensor(114)
tensor(108),tensor(117)
tensor(108),tensor(126)
tensor(108),tensor(134)
tensor(108),tensor(150)
tensor(108),tensor(159)
tensor(108),tensor(167)
tensor(108),tensor(173)
tensor(108),tensor(192)
tensor(108),tensor(198)
tensor(108),tensor(202)
tensor(108),tensor(207)
tensor(108),tensor(226)
tensor(108),tensor(227)
tensor(108),tensor(231)
tensor(108),tensor(239)
tensor(108),tensor(250)
tensor(108),tensor(252)
tensor(108),tensor(254)
tensor(108),tensor(271)
tensor(108),tensor(279)
tensor(108),tensor(285)
tensor(108),tensor(291)
tensor(108),tensor(299)
tensor(109),tensor(22)
tensor(109),tensor(28)
tensor(109),tensor(29)
tensor(109),tensor(33)
tensor(109),tensor(36)
tensor(109),tensor(37)
tensor(109),tensor(45)
tensor(109),tensor(55)
tensor(109),tensor(70)
tensor(109),tensor(71)
tensor(109),tensor(72)
tensor(109),tensor(86)
tensor(109),tensor(94)
tensor(109),tensor(96)
tensor(109),tensor(101)
tensor(109),tensor(132)
tensor(109),tensor(139)
tensor(109),tensor(144)
tensor(109),tensor(200)
tensor(109),tensor(203)
tensor(109),tensor(215)
tensor(109),tensor(218)
tensor(109),tensor(233)
tensor(109),tensor(250)
tensor(109),tensor(254)
tensor(109),tensor(279)
tensor(109),tensor(284)
tensor(110),tensor(50)
tensor(110),tensor(58)
tensor(110),tensor(72)
tensor(110),tensor(78)
tensor(110),tensor(85)
tensor(110),tensor(109)
tensor(110),tensor(121)
tensor(110),tensor(123)
tensor(110),tensor(146)
tensor(110),tensor(161)
tensor(110),tensor(166)
tensor(110),tensor(176)
tensor(110),tensor(178)
tensor(110),tensor(181)
tensor(110),tensor(225)
tensor(110),tensor(232)
tensor(110),tensor(273)
tensor(110),tensor(279)
tensor(110),tensor(286)
tensor(110),tensor(301)
tensor(110),tensor(306)
tensor(110),tensor(309)
tensor(110),tensor(311)
tensor(111),tensor(20)
tensor(111),tensor(21)
tensor(111),tensor(28)
tensor(111),tensor(31)
tensor(111),tensor(39)
tensor(111),tensor(40)
tensor(111),tensor(47)
tensor(111),tensor(76)
tensor(111),tensor(87)
tensor(111),tensor(95)
tensor(111),tensor(111)
tensor(111),tensor(128)
tensor(111),tensor(142)
tensor(111),tensor(146)
tensor(111),tensor(149)
tensor(111),tensor(152)
tensor(111),tensor(153)
tensor(111),tensor(168)
tensor(111),tensor(172)
tensor(111),tensor(180)
tensor(111),tensor(190)
tensor(111),tensor(218)
tensor(111),tensor(226)
tensor(111),tensor(241)
tensor(111),tensor(267)
tensor(111),tensor(275)
tensor(111),tensor(286)
tensor(111),tensor(289)
tensor(111),tensor(293)
tensor(111),tensor(295)
tensor(112),tensor(35)
tensor(112),tensor(49)
tensor(112),tensor(52)
tensor(112),tensor(53)
tensor(112),tensor(59)
tensor(112),tensor(60)
tensor(112),tensor(80)
tensor(112),tensor(85)
tensor(112),tensor(90)
tensor(112),tensor(94)
tensor(112),tensor(100)
tensor(112),tensor(114)
tensor(112),tensor(116)
tensor(112),tensor(138)
tensor(112),tensor(146)
tensor(112),tensor(156)
tensor(112),tensor(215)
tensor(112),tensor(216)
tensor(112),tensor(217)
tensor(112),tensor(221)
tensor(112),tensor(222)
tensor(112),tensor(224)
tensor(112),tensor(225)
tensor(112),tensor(231)
tensor(112),tensor(242)
tensor(112),tensor(248)
tensor(112),tensor(253)
tensor(112),tensor(270)
tensor(112),tensor(272)
tensor(112),tensor(283)
tensor(112),tensor(292)
tensor(112),tensor(300)
tensor(112),tensor(302)
tensor(113),tensor(0)
tensor(113),tensor(4)
tensor(113),tensor(16)
tensor(113),tensor(17)
tensor(113),tensor(20)
tensor(113),tensor(58)
tensor(113),tensor(68)
tensor(113),tensor(83)
tensor(113),tensor(84)
tensor(113),tensor(87)
tensor(113),tensor(135)
tensor(113),tensor(139)
tensor(113),tensor(155)
tensor(113),tensor(161)
tensor(113),tensor(179)
tensor(113),tensor(186)
tensor(113),tensor(191)
tensor(113),tensor(193)
tensor(113),tensor(198)
tensor(113),tensor(221)
tensor(113),tensor(224)
tensor(113),tensor(225)
tensor(113),tensor(228)
tensor(113),tensor(234)
tensor(113),tensor(238)
tensor(113),tensor(244)
tensor(113),tensor(246)
tensor(113),tensor(251)
tensor(113),tensor(256)
tensor(113),tensor(265)
tensor(113),tensor(268)
tensor(113),tensor(300)
tensor(113),tensor(303)
tensor(113),tensor(311)
tensor(114),tensor(2)
tensor(114),tensor(27)
tensor(114),tensor(42)
tensor(114),tensor(46)
tensor(114),tensor(64)
tensor(114),tensor(69)
tensor(114),tensor(99)
tensor(114),tensor(118)
tensor(114),tensor(138)
tensor(114),tensor(148)
tensor(114),tensor(153)
tensor(114),tensor(155)
tensor(114),tensor(156)
tensor(114),tensor(178)
tensor(114),tensor(179)
tensor(114),tensor(183)
tensor(114),tensor(195)
tensor(114),tensor(206)
tensor(114),tensor(249)
tensor(114),tensor(259)
tensor(114),tensor(263)
tensor(114),tensor(266)
tensor(114),tensor(280)
tensor(114),tensor(282)
tensor(114),tensor(288)
tensor(115),tensor(1)
tensor(115),tensor(21)
tensor(115),tensor(22)
tensor(115),tensor(24)
tensor(115),tensor(27)
tensor(115),tensor(31)
tensor(115),tensor(38)
tensor(115),tensor(41)
tensor(115),tensor(48)
tensor(115),tensor(61)
tensor(115),tensor(65)
tensor(115),tensor(83)
tensor(115),tensor(99)
tensor(115),tensor(102)
tensor(115),tensor(105)
tensor(115),tensor(112)
tensor(115),tensor(113)
tensor(115),tensor(148)
tensor(115),tensor(164)
tensor(115),tensor(172)
tensor(115),tensor(181)
tensor(115),tensor(185)
tensor(115),tensor(186)
tensor(115),tensor(217)
tensor(115),tensor(233)
tensor(115),tensor(245)
tensor(115),tensor(259)
tensor(115),tensor(266)
tensor(115),tensor(286)
tensor(115),tensor(297)
tensor(115),tensor(310)
tensor(116),tensor(11)
tensor(116),tensor(27)
tensor(116),tensor(28)
tensor(116),tensor(51)
tensor(116),tensor(77)
tensor(116),tensor(81)
tensor(116),tensor(93)
tensor(116),tensor(107)
tensor(116),tensor(112)
tensor(116),tensor(113)
tensor(116),tensor(143)
tensor(116),tensor(161)
tensor(116),tensor(167)
tensor(116),tensor(169)
tensor(116),tensor(175)
tensor(116),tensor(184)
tensor(116),tensor(196)
tensor(116),tensor(197)
tensor(116),tensor(209)
tensor(116),tensor(243)
tensor(116),tensor(260)
tensor(116),tensor(265)
tensor(116),tensor(267)
tensor(116),tensor(268)
tensor(116),tensor(290)
tensor(116),tensor(292)
tensor(116),tensor(295)
tensor(117),tensor(11)
tensor(117),tensor(23)
tensor(117),tensor(24)
tensor(117),tensor(25)
tensor(117),tensor(28)
tensor(117),tensor(37)
tensor(117),tensor(49)
tensor(117),tensor(54)
tensor(117),tensor(63)
tensor(117),tensor(100)
tensor(117),tensor(108)
tensor(117),tensor(111)
tensor(117),tensor(114)
tensor(117),tensor(118)
tensor(117),tensor(126)
tensor(117),tensor(127)
tensor(117),tensor(145)
tensor(117),tensor(154)
tensor(117),tensor(156)
tensor(117),tensor(157)
tensor(117),tensor(185)
tensor(117),tensor(196)
tensor(117),tensor(200)
tensor(117),tensor(204)
tensor(117),tensor(209)
tensor(117),tensor(225)
tensor(117),tensor(245)
tensor(117),tensor(246)
tensor(117),tensor(252)
tensor(117),tensor(257)
tensor(117),tensor(274)
tensor(117),tensor(282)
tensor(117),tensor(286)
tensor(117),tensor(298)
tensor(117),tensor(302)
tensor(117),tensor(310)
tensor(118),tensor(7)
tensor(118),tensor(23)
tensor(118),tensor(41)
tensor(118),tensor(55)
tensor(118),tensor(61)
tensor(118),tensor(80)
tensor(118),tensor(105)
tensor(118),tensor(108)
tensor(118),tensor(114)
tensor(118),tensor(125)
tensor(118),tensor(132)
tensor(118),tensor(174)
tensor(118),tensor(212)
tensor(118),tensor(213)
tensor(118),tensor(219)
tensor(118),tensor(250)
tensor(118),tensor(251)
tensor(118),tensor(268)
tensor(118),tensor(274)
tensor(118),tensor(291)
tensor(118),tensor(297)
tensor(118),tensor(306)
tensor(118),tensor(309)
tensor(118),tensor(312)
tensor(119),tensor(11)
tensor(119),tensor(48)
tensor(119),tensor(49)
tensor(119),tensor(53)
tensor(119),tensor(54)
tensor(119),tensor(63)
tensor(119),tensor(64)
tensor(119),tensor(88)
tensor(119),tensor(94)
tensor(119),tensor(117)
tensor(119),tensor(124)
tensor(119),tensor(127)
tensor(119),tensor(129)
tensor(119),tensor(135)
tensor(119),tensor(144)
tensor(119),tensor(177)
tensor(119),tensor(189)
tensor(119),tensor(231)
tensor(119),tensor(261)
tensor(119),tensor(283)
tensor(119),tensor(289)
tensor(119),tensor(291)
tensor(119),tensor(296)
tensor(119),tensor(303)
tensor(120),tensor(1)
tensor(120),tensor(7)
tensor(120),tensor(23)
tensor(120),tensor(30)
tensor(120),tensor(31)
tensor(120),tensor(53)
tensor(120),tensor(59)
tensor(120),tensor(76)
tensor(120),tensor(97)
tensor(120),tensor(102)
tensor(120),tensor(110)
tensor(120),tensor(116)
tensor(120),tensor(118)
tensor(120),tensor(119)
tensor(120),tensor(125)
tensor(120),tensor(132)
tensor(120),tensor(135)
tensor(120),tensor(156)
tensor(120),tensor(169)
tensor(120),tensor(176)
tensor(120),tensor(179)
tensor(120),tensor(194)
tensor(120),tensor(199)
tensor(120),tensor(200)
tensor(120),tensor(201)
tensor(120),tensor(224)
tensor(120),tensor(235)
tensor(120),tensor(257)
tensor(120),tensor(268)
tensor(120),tensor(286)
tensor(120),tensor(288)
tensor(120),tensor(295)
tensor(120),tensor(305)
tensor(121),tensor(5)
tensor(121),tensor(14)
tensor(121),tensor(25)
tensor(121),tensor(40)
tensor(121),tensor(42)
tensor(121),tensor(44)
tensor(121),tensor(46)
tensor(121),tensor(61)
tensor(121),tensor(84)
tensor(121),tensor(92)
tensor(121),tensor(124)
tensor(121),tensor(139)
tensor(121),tensor(147)
tensor(121),tensor(156)
tensor(121),tensor(163)
tensor(121),tensor(165)
tensor(121),tensor(185)
tensor(121),tensor(190)
tensor(121),tensor(218)
tensor(121),tensor(219)
tensor(121),tensor(225)
tensor(121),tensor(235)
tensor(121),tensor(237)
tensor(121),tensor(239)
tensor(121),tensor(245)
tensor(121),tensor(248)
tensor(121),tensor(267)
tensor(121),tensor(280)
tensor(121),tensor(285)
tensor(122),tensor(2)
tensor(122),tensor(13)
tensor(122),tensor(28)
tensor(122),tensor(53)
tensor(122),tensor(61)
tensor(122),tensor(82)
tensor(122),tensor(101)
tensor(122),tensor(106)
tensor(122),tensor(111)
tensor(122),tensor(131)
tensor(122),tensor(148)
tensor(122),tensor(156)
tensor(122),tensor(158)
tensor(122),tensor(166)
tensor(122),tensor(167)
tensor(122),tensor(170)
tensor(122),tensor(180)
tensor(122),tensor(185)
tensor(122),tensor(186)
tensor(122),tensor(190)
tensor(122),tensor(203)
tensor(122),tensor(224)
tensor(122),tensor(225)
tensor(122),tensor(234)
tensor(122),tensor(252)
tensor(122),tensor(258)
tensor(122),tensor(261)
tensor(122),tensor(262)
tensor(122),tensor(263)
tensor(122),tensor(265)
tensor(122),tensor(280)
tensor(122),tensor(289)
tensor(122),tensor(306)
tensor(123),tensor(1)
tensor(123),tensor(8)
tensor(123),tensor(16)
tensor(123),tensor(32)
tensor(123),tensor(38)
tensor(123),tensor(39)
tensor(123),tensor(86)
tensor(123),tensor(88)
tensor(123),tensor(92)
tensor(123),tensor(94)
tensor(123),tensor(95)
tensor(123),tensor(115)
tensor(123),tensor(120)
tensor(123),tensor(125)
tensor(123),tensor(128)
tensor(123),tensor(131)
tensor(123),tensor(132)
tensor(123),tensor(141)
tensor(123),tensor(148)
tensor(123),tensor(172)
tensor(123),tensor(180)
tensor(123),tensor(193)
tensor(123),tensor(195)
tensor(123),tensor(196)
tensor(123),tensor(200)
tensor(123),tensor(220)
tensor(123),tensor(224)
tensor(123),tensor(240)
tensor(123),tensor(249)
tensor(123),tensor(261)
tensor(123),tensor(269)
tensor(123),tensor(283)
tensor(123),tensor(301)
tensor(123),tensor(311)
tensor(124),tensor(12)
tensor(124),tensor(25)
tensor(124),tensor(40)
tensor(124),tensor(43)
tensor(124),tensor(60)
tensor(124),tensor(74)
tensor(124),tensor(85)
tensor(124),tensor(89)
tensor(124),tensor(91)
tensor(124),tensor(93)
tensor(124),tensor(97)
tensor(124),tensor(100)
tensor(124),tensor(136)
tensor(124),tensor(149)
tensor(124),tensor(161)
tensor(124),tensor(172)
tensor(124),tensor(173)
tensor(124),tensor(174)
tensor(124),tensor(192)
tensor(124),tensor(216)
tensor(124),tensor(262)
tensor(124),tensor(269)
tensor(124),tensor(303)
tensor(124),tensor(306)
tensor(124),tensor(312)
tensor(125),tensor(4)
tensor(125),tensor(17)
tensor(125),tensor(20)
tensor(125),tensor(23)
tensor(125),tensor(58)
tensor(125),tensor(73)
tensor(125),tensor(77)
tensor(125),tensor(93)
tensor(125),tensor(96)
tensor(125),tensor(98)
tensor(125),tensor(108)
tensor(125),tensor(116)
tensor(125),tensor(127)
tensor(125),tensor(131)
tensor(125),tensor(133)
tensor(125),tensor(143)
tensor(125),tensor(144)
tensor(125),tensor(145)
tensor(125),tensor(160)
tensor(125),tensor(164)
tensor(125),tensor(185)
tensor(125),tensor(186)
tensor(125),tensor(234)
tensor(125),tensor(240)
tensor(125),tensor(246)
tensor(125),tensor(248)
tensor(125),tensor(256)
tensor(125),tensor(260)
tensor(125),tensor(283)
tensor(125),tensor(288)
tensor(125),tensor(298)
tensor(125),tensor(301)
tensor(125),tensor(305)
tensor(125),tensor(310)
tensor(125),tensor(312)
tensor(126),tensor(15)
tensor(126),tensor(28)
tensor(126),tensor(35)
tensor(126),tensor(42)
tensor(126),tensor(57)
tensor(126),tensor(65)
tensor(126),tensor(76)
tensor(126),tensor(84)
tensor(126),tensor(98)
tensor(126),tensor(107)
tensor(126),tensor(111)
tensor(126),tensor(116)
tensor(126),tensor(127)
tensor(126),tensor(133)
tensor(126),tensor(139)
tensor(126),tensor(144)
tensor(126),tensor(146)
tensor(126),tensor(147)
tensor(126),tensor(170)
tensor(126),tensor(175)
tensor(126),tensor(183)
tensor(126),tensor(191)
tensor(126),tensor(197)
tensor(126),tensor(199)
tensor(126),tensor(203)
tensor(126),tensor(220)
tensor(126),tensor(221)
tensor(126),tensor(222)
tensor(126),tensor(231)
tensor(126),tensor(234)
tensor(126),tensor(240)
tensor(126),tensor(263)
tensor(126),tensor(288)
tensor(127),tensor(3)
tensor(127),tensor(7)
tensor(127),tensor(32)
tensor(127),tensor(57)
tensor(127),tensor(69)
tensor(127),tensor(78)
tensor(127),tensor(79)
tensor(127),tensor(88)
tensor(127),tensor(142)
tensor(127),tensor(145)
tensor(127),tensor(170)
tensor(127),tensor(172)
tensor(127),tensor(183)
tensor(127),tensor(185)
tensor(127),tensor(199)
tensor(127),tensor(233)
tensor(127),tensor(234)
tensor(127),tensor(240)
tensor(127),tensor(251)
tensor(127),tensor(264)
tensor(127),tensor(269)
tensor(127),tensor(292)
tensor(127),tensor(305)
tensor(127),tensor(306)
tensor(128),tensor(0)
tensor(128),tensor(8)
tensor(128),tensor(9)
tensor(128),tensor(15)
tensor(128),tensor(27)
tensor(128),tensor(30)
tensor(128),tensor(45)
tensor(128),tensor(49)
tensor(128),tensor(53)
tensor(128),tensor(62)
tensor(128),tensor(74)
tensor(128),tensor(76)
tensor(128),tensor(81)
tensor(128),tensor(92)
tensor(128),tensor(98)
tensor(128),tensor(101)
tensor(128),tensor(103)
tensor(128),tensor(137)
tensor(128),tensor(139)
tensor(128),tensor(149)
tensor(128),tensor(160)
tensor(128),tensor(178)
tensor(128),tensor(186)
tensor(128),tensor(187)
tensor(128),tensor(192)
tensor(128),tensor(194)
tensor(128),tensor(204)
tensor(128),tensor(212)
tensor(128),tensor(228)
tensor(128),tensor(233)
tensor(128),tensor(235)
tensor(128),tensor(237)
tensor(128),tensor(242)
tensor(128),tensor(252)
tensor(128),tensor(283)
tensor(128),tensor(285)
tensor(128),tensor(299)
tensor(128),tensor(308)
tensor(129),tensor(6)
tensor(129),tensor(12)
tensor(129),tensor(14)
tensor(129),tensor(71)
tensor(129),tensor(76)
tensor(129),tensor(87)
tensor(129),tensor(96)
tensor(129),tensor(101)
tensor(129),tensor(112)
tensor(129),tensor(125)
tensor(129),tensor(127)
tensor(129),tensor(135)
tensor(129),tensor(140)
tensor(129),tensor(142)
tensor(129),tensor(157)
tensor(129),tensor(169)
tensor(129),tensor(204)
tensor(129),tensor(213)
tensor(129),tensor(225)
tensor(129),tensor(231)
tensor(129),tensor(232)
tensor(129),tensor(244)
tensor(129),tensor(282)
tensor(129),tensor(290)
tensor(129),tensor(310)
tensor(130),tensor(13)
tensor(130),tensor(15)
tensor(130),tensor(16)
tensor(130),tensor(20)
tensor(130),tensor(29)
tensor(130),tensor(38)
tensor(130),tensor(40)
tensor(130),tensor(41)
